600000	浦发银行	pfyx
600004	白云机场	byjc
600006	东风汽车	dfqc
600007	中国国贸	zggm
600008	首创股份	scgf
600009	上海机场	shjc
600010	包钢股份	bggf
600011	华能国际	hngj
600012	皖通高速	wtgs
600015	华夏银行	hxyx
600016	民生银行	msyx
600017	日照港	rzg
600018	上港集团	sgjt
600019	宝钢股份	bggf
600020	中原高速	zygs
600021	上海电力	shdl
600022	山东钢铁	sdgt
600023	浙能电力	zndl
600025	华能水电	hnsd
600026	中远海能	zyhn
600027	华电国际	hdgj
600028	中国石化	zgsh
600029	南方航空	nfhk
600030	中信证券	zxzq
600031	三一重工	syzg
600033	福建高速	fjgs
600035	楚天高速	ctgs
600036	招商银行	zsyx
600037	歌华有线	ghyx
600038	中直股份	zzgf
600039	四川路桥	sclq
600048	保利地产	bldc
600050	中国联通	zglt
600051	宁波联合	nblh
600052	浙江广厦	zjgx
600053	九鼎投资	jdtz
600054	黄山旅游	hsly
600055	万东医疗	wdyl
600056	中国医药	zgyy
600057	厦门象屿	xmxy
600058	五矿发展	wkfz
600059	古越龙山	gyls
600060	海信电器	hxdq
600061	国投资本	gtzb
600062	华润双鹤	hrsh
600063	皖维高新	wwgx
600064	南京高科	njgk
600066	宇通客车	ytkc
600067	冠城大通	gcdt
600068	葛洲坝	gzb
600069	银鸽投资	ygtz
600070	浙江富润	zjfr
600071	凤凰光学	fhgx
600072	中船科技	zckj
600073	上海梅林	shml
600074	*ST保千	bq
600075	新疆天业	xjty
600076	康欣新材	kxxc
600077	宋都股份	sdgf
600078	澄星股份	cxgf
600079	人福医药	rfyy
600080	金花股份	jhgf
600081	东风科技	dfkj
600082	海泰发展	htfz
600083	博信股份	bxgf
600084	中葡股份	zpgf
600085	同仁堂	trt
600086	东方金钰	dfjy
600088	中视传媒	zscm
600089	特变电工	tbdg
600090	同济堂	tjt
600091	ST明科	mk
600093	易见股份	yjgf
600094	大名城	dmc
600095	哈高科	hgk
600096	云天化	yth
600097	开创国际	kcgj
600098	广州发展	gzfz
600099	林海股份	lhgf
600100	同方股份	tfgf
600101	明星电力	mxdl
600103	青山纸业	qszy
600104	上汽集团	sqjt
600105	永鼎股份	ydgf
600106	重庆路桥	zqlq
600107	美尔雅	mey
600108	亚盛集团	ysjt
600109	国金证券	gjzq
600110	诺德股份	ndgf
600111	北方稀土	bfxt
600112	天成控股	tckg
600113	浙江东日	zjdr
600114	东睦股份	dmgf
600115	东方航空	dfhk
600116	三峡水利	sxsl
600117	西宁特钢	xntg
600118	中国卫星	zgwx
600119	长江投资	cjtz
600120	浙江东方	zjdf
600121	郑州煤电	zzmd
600122	宏图高科	htgk
600123	兰花科创	lhkc
600125	铁龙物流	tlwl
600126	杭钢股份	hggf
600127	金健米业	jjmy
600128	弘业股份	hygf
600129	太极集团	tjjt
600130	波导股份	bdgf
600131	岷江水电	mjsd
600132	重庆啤酒	zqpj
600133	东湖高新	dhgx
600135	乐凯胶片	lkjp
600136	当代明诚	ddmc
600137	浪莎股份	lsgf
600138	中青旅	zql
600139	西部资源	xbzy
600141	兴发集团	xfjt
600143	金发科技	jfkj
600145	*ST新亿	xy
600146	商赢环球	syhq
600148	长春一东	ccyd
600149	ST坊展	fz
600150	*ST船舶	cb
600151	航天机电	htjd
600152	维科技术	wkjs
600153	建发股份	jfgf
600155	华创阳安	hcya
600156	华升股份	hsgf
600157	永泰能源	ytny
600158	中体产业	ztcy
600159	大龙地产	dldc
600160	巨化股份	jhgf
600161	天坛生物	ttsw
600162	香江控股	xjkg
600163	中闽能源	zmny
600165	新日恒力	xrhl
600166	福田汽车	ftqc
600167	联美控股	lmkg
600168	武汉控股	whkg
600169	太原重工	tyzg
600170	上海建工	shjg
600171	上海贝岭	shbl
600172	黄河旋风	hhxf
600173	卧龙地产	wldc
600175	美都能源	mdny
600176	中国巨石	zgjs
600177	雅戈尔	yge
600178	东安动力	dadl
600179	安通控股	atkg
600180	瑞茂通	rmt
600182	S佳通	sjt
600183	生益科技	sykj
600184	光电股份	gdgf
600185	格力地产	gldc
600186	莲花健康	lhjk
600187	国中水务	gzsw
600188	兖州煤业	yzmy
600189	吉林森工	jlsg
600190	锦州港	jzg
600191	华资实业	hzsy
600192	长城电工	ccdg
600193	*ST创兴	cx
600195	中牧股份	zmgf
600196	复星医药	fxyy
600197	伊力特	ylt
600198	*ST大唐	dt
600199	金种子酒	jzzj
600200	江苏吴中	jswz
600201	生物股份	swgf
600202	*ST哈空	hk
600203	福日电子	frdz
600206	有研新材	yyxc
600207	安彩高科	acgk
600208	新湖中宝	xhzb
600209	*ST罗顿	ld
600210	紫江企业	zjqy
600211	西藏药业	xcyy
600212	江泉实业	jqsy
600213	亚星客车	yxkc
600215	长春经开	ccjk
600216	浙江医药	zjyy
600217	中再资环	zzzh
600218	全柴动力	qcdl
600219	南山铝业	nsly
600220	江苏阳光	jsyg
600221	海航控股	hhkg
600222	太龙药业	tlyy
600223	鲁商置业	lszy
600225	天津松江	tjsj
600226	瀚叶股份	hygf
600227	圣济堂	sjt
600228	ST昌九	cj
600229	城市传媒	cscm
600230	沧州大化	czdh
600231	凌钢股份	lggf
600232	金鹰股份	jygf
600233	圆通速递	ytsd
600234	ST山水	ss
600235	民丰特纸	mftz
600236	桂冠电力	ggdl
600237	铜峰电子	tfdz
600238	*ST椰岛	yd
600239	云南城投	ynct
600240	华业资本	hyzb
600241	时代万恒	sdwh
600242	中昌数据	zcsj
600243	青海华鼎	qhhd
600246	万通地产	wtdc
600247	*ST成城	cc
600248	延长化建	ychj
600249	两面针	lmz
600250	南纺股份	nfgf
600251	冠农股份	gngf
600252	中恒集团	zhjt
600255	梦舟股份	mzgf
600256	广汇能源	ghny
600257	大湖股份	dhgf
600258	首旅酒店	sljd
600259	广晟有色	gsys
600260	凯乐科技	klkj
600261	阳光照明	ygzm
600262	北方股份	bfgf
600265	ST景谷	jg
600266	北京城建	bjcj
600267	海正药业	hzyy
600268	国电南自	gdnz
600269	赣粤高速	gygs
600270	外运发展	wyfz
600271	航天信息	htxx
600272	开开实业	kksy
600273	嘉化能源	jhny
600275	ST昌鱼	cy
600276	恒瑞医药	hryy
600277	亿利洁能	yljn
600278	东方创业	dfcy
600279	重庆港九	zqgj
600280	中央商场	zysc
600281	太化股份	thgf
600282	南钢股份	nggf
600283	钱江水利	qjsl
600284	浦东建设	pdjs
600285	羚锐制药	lrzy
600287	江苏舜天	jsst
600288	大恒科技	dhkj
600289	*ST信通	xt
600290	华仪电气	hydq
600291	西水股份	xsgf
600292	远达环保	ydhb
600293	三峡新材	sxxc
600295	鄂尔多斯	eeds
600297	广汇汽车	ghqc
600298	安琪酵母	aqjm
600299	安迪苏	ads
600300	维维股份	wwgf
600301	ST南化	nh
600302	标准股份	bzgf
600303	曙光股份	sggf
600305	恒顺醋业	hscy
600306	商业城	syc
600307	酒钢宏兴	jghx
600308	华泰股份	htgf
600309	万华化学	whhx
600310	桂东电力	gddl
600311	荣华实业	rhsy
600312	平高电气	pgdq
600313	农发种业	nfzy
600315	上海家化	shjh
600316	洪都航空	hdhk
600317	营口港	ykg
600318	新力金融	xljr
600319	亚星化学	yxhx
600320	振华重工	zhzg
600321	*ST正源	zy
600322	天房发展	tffz
600323	瀚蓝环境	hlhj
600325	华发股份	hfgf
600326	西藏天路	xctl
600327	大东方	ddf
600328	兰太实业	ltsy
600329	中新药业	zxyy
600330	天通股份	ttgf
600331	宏达股份	hdgf
600332	白云山	bys
600333	长春燃气	ccrq
600335	国机汽车	gjqc
600336	澳柯玛	akm
600337	美克家居	mkjj
600338	西藏珠峰	xczf
600339	中油工程	zygc
600340	华夏幸福	hxxf
600343	航天动力	htdl
600345	长江通信	cjtx
600346	恒力股份	hlgf
600348	阳泉煤业	yqmy
600350	山东高速	sdgs
600351	亚宝药业	ybyy
600352	浙江龙盛	zjls
600353	旭光股份	xggf
600354	敦煌种业	dhzy
600355	精伦电子	jldz
600356	恒丰纸业	hfzy
600358	国旅联合	gllh
600359	新农开发	xnkf
600360	华微电子	hwdz
600361	华联综超	hlzc
600362	江西铜业	jxty
600363	联创光电	lcgd
600365	通葡股份	tpgf
600366	宁波韵升	nbys
600367	红星发展	hxfz
600368	五洲交通	wzjt
600369	西南证券	xnzq
600370	三房巷	sfx
600371	万向德农	wxdn
600372	中航电子	zhdz
600373	中文传媒	zwcm
600375	华菱星马	hlxm
600376	首开股份	skgf
600377	宁沪高速	nhgs
600378	天科股份	tkgf
600379	宝光股份	bggf
600380	健康元	jky
600381	青海春天	qhct
600382	广东明珠	gdmz
600383	金地集团	jdjt
600385	山东金泰	sdjt
600386	北巴传媒	bbcm
600387	海越股份	hygf
600388	龙净环保	ljhb
600389	江山股份	jsgf
600390	五矿资本	wkzb
600391	航发科技	hfkj
600392	盛和资源	shzy
600393	粤泰股份	ytgf
600395	盘江股份	pjgf
600396	金山股份	jsgf
600397	*ST安煤	am
600398	海澜之家	hlzj
600399	*ST抚钢	fg
600400	红豆股份	hdgf
600401	*ST海润	hr
600403	大有能源	dyny
600405	动力源	dly
600406	国电南瑞	gdnr
600408	*ST安泰	at
600409	三友化工	syhg
600410	华胜天成	hstc
600415	小商品城	xspc
600416	湘电股份	xdgf
600418	江淮汽车	jhqc
600419	天润乳业	trry
600420	现代制药	xdzy
600421	ST仰帆	yf
600422	昆药集团	kyjt
600423	*ST柳化	lh
600425	青松建化	qsjh
600426	华鲁恒升	hlhs
600428	中远海特	zyht
600429	三元股份	sygf
600433	冠豪高新	ghgx
600435	北方导航	bfdh
600436	片仔癀	pzh
600438	通威股份	twgf
600439	瑞贝卡	rbk
600444	国机通用	gjty
600446	金证股份	jzgf
600448	华纺股份	hfgf
600449	宁夏建材	nxjc
600452	涪陵电力	fldl
600455	博通股份	btgf
600456	宝钛股份	btgf
600458	时代新材	sdxc
600459	贵研铂业	gyby
600460	士兰微	slw
600461	洪城水业	hcsy
600462	九有股份	jygf
600463	空港股份	kggf
600466	蓝光发展	lgfz
600467	好当家	hdj
600468	百利电气	bldq
600469	风神股份	fsgf
600470	六国化工	lghg
600475	华光股份	hggf
600476	湘邮科技	xykj
600477	杭萧钢构	hxgg
600478	科力远	kly
600479	千金药业	qjyy
600480	凌云股份	lygf
600481	双良节能	sljn
600482	中国动力	zgdl
600483	福能股份	fngf
600485	信威集团	xwjt
600486	扬农化工	ynhg
600487	亨通光电	htgd
600488	天药股份	tygf
600489	中金黄金	zjhj
600490	鹏欣资源	pxzy
600491	龙元建设	lyjs
600493	凤竹纺织	fzfz
600495	晋西车轴	jxcz
600496	精工钢构	jggg
600497	驰宏锌锗	chxz
600498	烽火通信	fhtx
600499	科达洁能	kdjn
600500	中化国际	zhgj
600501	航天晨光	htcg
600502	安徽水利	ahsl
600503	华丽家族	hljz
600505	西昌电力	xcdl
600506	香梨股份	xlgf
600507	方大特钢	fdtg
600508	上海能源	shny
600509	天富能源	tfny
600510	黑牡丹	hmd
600511	国药股份	gygf
600512	腾达建设	tdjs
600513	联环药业	lhyy
600515	海航基础	hhjc
600516	方大炭素	fdts
600517	置信电气	zxdq
600518	康美药业	kmyy
600519	贵州茅台	gzmt
600520	文一科技	wykj
600521	华海药业	hhyy
600522	中天科技	ztkj
600523	贵航股份	ghgf
600525	长园集团	cyjt
600526	菲达环保	fdhb
600527	江南高纤	jngx
600528	中铁工业	ztgy
600529	山东药玻	sdyb
600530	交大昂立	jdal
600531	豫光金铅	ygjq
600532	宏达矿业	hdky
600533	栖霞建设	qxjs
600535	天士力	tsl
600536	中国软件	zgrj
600537	亿晶光电	yjgd
600538	国发股份	gfgf
600539	*ST狮头	st
600540	新赛股份	xsgf
600543	莫高股份	mggf
600545	卓郎智能	zlzn
600546	山煤国际	smgj
600547	山东黄金	sdhj
600548	深高速	sgs
600549	厦门钨业	xmwy
600550	保变电气	bbdq
600551	时代出版	sdcb
600552	凯盛科技	kskj
600555	海航创新	hhcx
600556	ST慧球	hq
600557	康缘药业	kyyy
600558	大西洋	dxy
600559	老白干酒	lbgj
600560	金自天正	jztz
600561	江西长运	jxcy
600562	国睿科技	grkj
600563	法拉电子	fldz
600565	迪马股份	dmgf
600566	济川药业	jcyy
600567	山鹰纸业	syzy
600568	中珠医疗	zzyl
600569	安阳钢铁	aygt
600570	恒生电子	hsdz
600571	信雅达	xyd
600572	康恩贝	keb
600573	惠泉啤酒	hqpj
600575	皖江物流	wjwl
600576	祥源文化	xywh
600577	精达股份	jdgf
600578	京能电力	jndl
600579	天华院	thy
600580	卧龙电气	wldq
600581	八一钢铁	bygt
600582	天地科技	tdkj
600583	海油工程	hygc
600584	长电科技	cdkj
600585	海螺水泥	hlsn
600586	金晶科技	jjkj
600587	新华医疗	xhyl
600588	用友网络	yywl
600589	广东榕泰	gdrt
600590	泰豪科技	thkj
600592	龙溪股份	lxgf
600593	大连圣亚	dlsy
600594	益佰制药	ybzy
600595	中孚实业	zfsy
600596	新安股份	xagf
600597	光明乳业	gmry
600598	北大荒	bdh
600599	熊猫金控	xmjk
600600	青岛啤酒	qdpj
600601	方正科技	fzkj
600602	云赛智联	yszl
600603	广汇物流	ghwl
600604	市北高新	sbgx
600605	汇通能源	htny
600606	绿地控股	ldkg
600608	ST沪科	hk
600609	金杯汽车	jbqc
600610	*ST毅达	yd
600611	大众交通	dzjt
600612	老凤祥	lfx
600613	神奇制药	sqzy
600614	鹏起科技	pqkj
600615	丰华股份	fhgf
600616	金枫酒业	jfjy
600617	国新能源	gxny
600618	氯碱化工	ljhg
600619	海立股份	hlgf
600620	天宸股份	tcgf
600621	华鑫股份	hxgf
600622	光大嘉宝	gdjb
600623	华谊集团	hyjt
600624	复旦复华	fdfh
600626	申达股份	sdgf
600628	新世界	xsj
600629	华建集团	hjjt
600630	龙头股份	ltgf
600633	浙数文化	zswh
600634	*ST富控	fk
600635	大众公用	dzgy
600636	三爱富	saf
600637	东方明珠	dfmz
600638	新黄浦	xhp
600639	浦东金桥	pdjq
600640	号百控股	hbkg
600641	万业企业	wyqy
600642	申能股份	sngf
600643	爱建集团	ajjt
600644	乐山电力	lsdl
600645	中源协和	zyxh
600647	同达创业	tdcy
600648	外高桥	wgq
600649	城投控股	ctkg
600650	锦江投资	jjtz
600651	飞乐音响	flyx
600652	游久游戏	yjyx
600653	申华控股	shkg
600654	ST中安	za
600655	豫园股份	yygf
600657	信达地产	xddc
600658	电子城	dzc
600660	福耀玻璃	fybl
600661	新南洋	xny
600662	强生控股	qskg
600663	陆家嘴	ljz
600664	哈药股份	hygf
600665	天地源	tdy
600666	奥瑞德	ard
600667	太极实业	tjsy
600668	尖峰集团	jfjt
600671	天目药业	tmyy
600673	东阳光科	dygk
600674	川投能源	ctny
600675	中华企业	zhqy
600676	交运股份	jygf
600677	航天通信	httx
600678	四川金顶	scjd
600679	上海凤凰	shfh
600680	*ST上普	sp
600681	百川能源	bcny
600682	南京新百	njxb
600683	京投发展	jtfz
600684	珠江实业	zjsy
600685	中船防务	zcfw
600686	金龙汽车	jlqc
600687	刚泰控股	gtkg
600688	上海石化	shsh
600689	上海三毛	shsm
600690	青岛海尔	qdhe
600691	阳煤化工	ymhg
600692	亚通股份	ytgf
600693	东百集团	dbjt
600694	大商股份	dsgf
600695	绿庭投资	lttz
600696	ST岩石	ys
600697	欧亚集团	oyjt
600698	湖南天雁	hnty
600699	均胜电子	jsdz
600701	*ST工新	gx
600702	舍得酒业	sdjy
600703	三安光电	sagd
600704	物产中大	wczd
600705	中航资本	zhzb
600706	曲江文旅	qjwl
600707	彩虹股份	chgf
600708	光明地产	gmdc
600710	苏美达	smd
600711	盛屯矿业	stky
600712	南宁百货	nnbh
600713	南京医药	njyy
600714	金瑞矿业	jrky
600715	文投控股	wtkg
600716	凤凰股份	fhgf
600717	天津港	tjg
600718	东软集团	drjt
600719	大连热电	dlrd
600720	祁连山	qls
600721	百花村	bhc
600722	金牛化工	jnhg
600723	首商股份	ssgf
600724	宁波富达	nbfd
600725	ST云维	yw
600726	华电能源	hdny
600727	鲁北化工	lbhg
600728	佳都科技	jdkj
600729	重庆百货	zqbh
600730	中国高科	zggk
600731	湖南海利	hnhl
600732	ST新梅	xm
600733	SST前锋	sqf
600734	实达集团	sdjt
600735	新华锦	xhj
600736	苏州高新	szgx
600737	中粮糖业	zlty
600738	兰州民百	lzmb
600739	辽宁成大	lncd
600740	山西焦化	sxjh
600741	华域汽车	hyqc
600742	一汽富维	yqfw
600743	华远地产	hydc
600744	华银电力	hydl
600745	闻泰科技	wtkj
600746	江苏索普	jssp
600747	ST大控	dk
600748	上实发展	ssfz
600749	*ST藏旅	cl
600750	江中药业	jzyy
600751	海航科技	hhkj
600753	东方银星	dfyx
600754	锦江股份	jjgf
600755	厦门国贸	xmgm
600756	浪潮软件	lcrj
600757	长江传媒	cjcm
600758	红阳能源	hyny
600759	洲际油气	zjyq
600760	中航沈飞	zhsf
600761	安徽合力	ahhl
600763	通策医疗	tcyl
600764	中国海防	zghf
600765	中航重机	zhzj
600766	园城黄金	ychj
600767	ST运盛	ys
600768	宁波富邦	nbfb
600769	祥龙电业	xldy
600770	综艺股份	zygf
600771	广誉远	gyy
600773	西藏城投	xcct
600774	汉商集团	hsjt
600775	南京熊猫	njxm
600776	东方通信	dftx
600777	新潮能源	xcny
600778	*ST友好	yh
600779	水井坊	sjf
600780	通宝能源	tbny
600781	辅仁药业	fryy
600782	新钢股份	xggf
600783	鲁信创投	lxct
600784	鲁银投资	lytz
600785	新华百货	xhbh
600787	中储股份	zcgf
600789	鲁抗医药	lkyy
600790	轻纺城	qfc
600791	京能置业	jnzy
600792	云煤能源	ymny
600793	宜宾纸业	ybzy
600794	保税科技	bskj
600795	国电电力	gddl
600796	钱江生化	qjsh
600797	浙大网新	zdwx
600798	宁波海运	nbhy
600800	天津磁卡	tjck
600801	华新水泥	hxsn
600802	福建水泥	fjsn
600803	新奥股份	xagf
600804	鹏博士	pbs
600805	悦达投资	ydtz
600807	*ST天业	ty
600808	马钢股份	mggf
600809	山西汾酒	sxfj
600810	神马股份	smgf
600811	东方集团	dfjt
600812	华北制药	hbzy
600814	杭州解百	hzjb
600815	厦工股份	xggf
600816	安信信托	axxt
600817	ST宏盛	hs
600818	中路股份	zlgf
600819	耀皮玻璃	ypbl
600820	隧道股份	sdgf
600821	津劝业	jqy
600822	上海物贸	shwm
600823	世茂股份	smgf
600824	益民集团	ymjt
600825	新华传媒	xhcm
600826	兰生股份	lsgf
600827	百联股份	blgf
600828	茂业商业	mysy
600829	人民同泰	rmtt
600830	香溢融通	xyrt
600831	广电网络	gdwl
600833	第一医药	dyyy
600834	申通地铁	stdt
600835	上海机电	shjd
600836	界龙实业	jlsy
600837	海通证券	htzq
600838	上海九百	shjb
600839	四川长虹	scch
600841	上柴股份	scgf
600843	上工申贝	sgsb
600844	丹化科技	dhkj
600845	宝信软件	bxrj
600846	同济科技	tjkj
600847	万里股份	wlgf
600848	上海临港	shlg
600850	华东电脑	hddn
600851	海欣股份	hxgf
600853	龙建股份	ljgf
600854	春兰股份	clgf
600855	航天长峰	htcf
600856	中天能源	ztny
600857	宁波中百	nbzb
600858	银座股份	yzgf
600859	王府井	wfj
600860	京城股份	jcgf
600861	北京城乡	bjcx
600862	中航高科	zhgk
600863	内蒙华电	nmhd
600864	哈投股份	htgf
600865	百大集团	bdjt
600866	星湖科技	xhkj
600867	通化东宝	thdb
600868	梅雁吉祥	myjx
600869	智慧能源	zhny
600870	*ST厦华	xh
600871	*ST油服	yf
600872	中炬高新	zjgx
600873	梅花生物	mhsw
600874	创业环保	cyhb
600875	东方电气	dfdq
600876	洛阳玻璃	lybl
600877	ST嘉陵	jl
600879	航天电子	htdz
600880	博瑞传播	brcb
600881	亚泰集团	ytjt
600882	广泽股份	gzgf
600883	博闻科技	bwkj
600884	杉杉股份	ssgf
600885	宏发股份	hfgf
600886	国投电力	gtdl
600887	伊利股份	ylgf
600888	新疆众和	xjzh
600889	南京化纤	njhx
600890	中房股份	zfgf
600891	秋林集团	qljt
600892	大晟文化	dswh
600893	航发动力	hfdl
600894	广日股份	grgf
600895	张江高科	zjgk
600896	*ST海投	ht
600897	厦门空港	xmkg
600898	国美通讯	gmtx
600900	长江电力	cjdl
600901	江苏租赁	jszl
600903	贵州燃气	gzrq
600908	无锡银行	wxyx
600909	华安证券	hazq
600917	重庆燃气	zqrq
600919	江苏银行	jsyx
600926	杭州银行	hzyx
600929	湖南盐业	hnyy
600933	爱柯迪	akd
600936	广西广电	gxgd
600939	重庆建工	zqjg
600958	东方证券	dfzq
600959	江苏有线	jsyx
600960	渤海汽车	bhqc
600961	株冶集团	zyjt
600962	国投中鲁	gtzl
600963	岳阳林纸	yylz
600965	福成股份	fcgf
600966	博汇纸业	bhzy
600967	内蒙一机	nmyj
600969	郴电国际	cdgj
600970	中材国际	zcgj
600971	恒源煤电	hymd
600973	宝胜股份	bsgf
600975	新五丰	xwf
600976	健民集团	jmjt
600977	中国电影	zgdy
600978	宜华生活	yhsh
600979	广安爱众	gaaz
600980	北矿科技	bkkj
600981	汇鸿集团	hhjt
600982	宁波热电	nbrd
600983	惠而浦	hep
600984	建设机械	jsjx
600985	雷鸣科化	lmkh
600986	科达股份	kdgf
600987	航民股份	hmgf
600988	赤峰黄金	cfhj
600990	四创电子	scdz
600992	贵绳股份	gsgf
600993	马应龙	myl
600995	文山电力	wsdl
600996	贵广网络	ggwl
600997	开滦股份	klgf
600998	九州通	jzt
600999	招商证券	zszq
601000	唐山港	tsg
601001	大同煤业	dtmy
601002	晋亿实业	jysy
601003	柳钢股份	lggf
601005	重庆钢铁	zqgt
601006	大秦铁路	dqtl
601007	金陵饭店	jlfd
601008	连云港	lyg
601009	南京银行	njyx
601010	文峰股份	wfgf
601011	宝泰隆	btl
601012	隆基股份	ljgf
601015	陕西黑猫	sxhm
601016	节能风电	jnfd
601018	宁波港	nbg
601019	山东出版	sdcb
601020	华钰矿业	hyky
601021	春秋航空	cqhk
601028	玉龙股份	ylgf
601038	一拖股份	ytgf
601058	赛轮金宇	sljy
601066	中信建投	zxjt
601069	西部黄金	xbhj
601086	国芳集团	gfjt
601088	中国神华	zgsh
601098	中南传媒	zncm
601099	太平洋	tpy
601100	恒立液压	hlyy
601101	昊华能源	hhny
601106	中国一重	zgyz
601107	四川成渝	sccy
601108	财通证券	ctzq
601111	中国国航	zggh
601113	华鼎股份	hdgf
601116	三江购物	sjgw
601117	中国化学	zghx
601118	海南橡胶	hnxj
601126	四方股份	sfgf
601127	小康股份	xkgf
601128	常熟银行	csyx
601137	博威合金	bwhj
601138	工业富联	gyfl
601139	深圳燃气	szrq
601155	新城控股	xckg
601158	重庆水务	zqsw
601163	三角轮胎	sjlt
601166	兴业银行	xyyx
601168	西部矿业	xbky
601169	北京银行	bjyx
601177	杭齿前进	hcqj
601179	中国西电	zgxd
601186	中国铁建	zgtj
601188	龙江交通	ljjt
601198	东兴证券	dxzq
601199	江南水务	jnsw
601200	上海环境	shhj
601208	东材科技	dckj
601211	国泰君安	gtja
601212	白银有色	byys
601216	君正集团	jzjt
601218	吉鑫科技	jxkj
601222	林洋能源	lyny
601225	陕西煤业	sxmy
601226	华电重工	hdzg
601228	广州港	gzg
601229	上海银行	shyx
601231	环旭电子	hxdz
601233	桐昆股份	tkgf
601238	广汽集团	gqjt
601258	庞大集团	pdjt
601288	农业银行	nyyx
601311	骆驼股份	ltgf
601318	中国平安	zgpa
601326	秦港股份	qggf
601328	交通银行	jtyx
601330	绿色动力	lsdl
601333	广深铁路	gstl
601336	新华保险	xhbx
601339	百隆东方	bldf
601360	三六零	sll
601366	利群股份	lqgf
601368	绿城水务	lcsw
601369	陕鼓动力	sgdl
601375	中原证券	zyzq
601377	兴业证券	xyzq
601388	怡球资源	yqzy
601390	中国中铁	zgzt
601398	工商银行	gsyx
601500	通用股份	tygf
601515	东风股份	dfgf
601518	吉林高速	jlgs
601519	大智慧	dzh
601555	东吴证券	dwzq
601558	ST锐电	rd
601566	九牧王	jmw
601567	三星医疗	sxyl
601579	会稽山	hjs
601588	北辰实业	bcsy
601595	上海电影	shdy
601599	鹿港文化	lgwh
601600	中国铝业	zgly
601601	中国太保	zgtb
601607	上海医药	shyy
601608	中信重工	zxzg
601611	中国核建	zghj
601616	广电电气	gddq
601618	中国中冶	zgzy
601619	嘉泽新能	jzxn
601628	中国人寿	zgrs
601633	长城汽车	ccqc
601636	旗滨集团	qbjt
601666	平煤股份	pmgf
601668	中国建筑	zgjz
601669	中国电建	zgdj
601677	明泰铝业	mtly
601678	滨化股份	bhgf
601688	华泰证券	htzq
601689	拓普集团	tpjt
601699	潞安环能	lahn
601700	风范股份	ffgf
601717	郑煤机	zmj
601718	际华集团	jhjt
601727	上海电气	shdq
601766	中国中车	zgzc
601777	力帆股份	lfgf
601788	光大证券	gdzq
601789	宁波建工	nbjg
601798	*ST蓝科	lk
601799	星宇股份	xygf
601800	中国交建	zgjj
601801	皖新传媒	wxcm
601808	中海油服	zhyf
601811	新华文轩	xhwx
601818	光大银行	gdyx
601828	美凯龙	mkl
601838	成都银行	cdyx
601857	中国石油	zgsy
601858	中国科传	zgkc
601866	中远海发	zyhf
601872	招商轮船	zslc
601877	正泰电器	ztdq
601878	浙商证券	zszq
601880	大连港	dlg
601881	中国银河	zgyh
601882	海天精工	htjg
601886	江河集团	jhjt
601888	中国国旅	zggl
601890	亚星锚链	yxml
601898	中煤能源	zmny
601899	紫金矿业	zjky
601900	南方传媒	nfcm
601901	方正证券	fzzq
601908	京运通	jyt
601918	新集能源	xjny
601919	中远海控	zyhk
601928	凤凰传媒	fhcm
601929	吉视传媒	jscm
601933	永辉超市	yhcs
601939	建设银行	jsyx
601949	中国出版	zgcb
601952	苏垦农发	sknf
601958	金钼股份	jmgf
601965	中国汽研	zgqy
601966	玲珑轮胎	lllt
601968	宝钢包装	bgbz
601969	海南矿业	hnky
601985	中国核电	zghd
601988	中国银行	zgyx
601989	中国重工	zgzg
601990	南京证券	njzq
601991	大唐发电	dtfd
601992	金隅集团	jyjt
601996	丰林集团	fljt
601997	贵阳银行	gyyx
601998	中信银行	zxyx
601999	出版传媒	cbcm
603000	人民网	rmw
603001	奥康国际	akgj
603002	宏昌电子	hcdz
603003	龙宇燃油	lyry
603005	晶方科技	jfkj
603006	联明股份	lmgf
603007	花王股份	hwgf
603008	喜临门	xlm
603009	北特科技	btkj
603010	万盛股份	wsgf
603011	合锻智能	hdzn
603012	创力集团	cljt
603013	亚普股份	ypgf
603015	弘讯科技	hxkj
603016	新宏泰	xht
603017	中衡设计	zhsj
603018	中设集团	zsjt
603019	中科曙光	zksg
603020	爱普股份	apgf
603021	山东华鹏	sdhp
603022	新通联	xtl
603023	威帝股份	wdgf
603025	大豪科技	dhkj
603026	石大胜华	sdsh
603027	千禾味业	qhwy
603028	赛福天	sft
603029	天鹅股份	tegf
603030	全筑股份	qzgf
603031	安德利	adl
603032	德新交运	dxjy
603033	三维股份	swgf
603035	常熟汽饰	csqs
603036	如通股份	rtgf
603037	凯众股份	kzgf
603038	华立股份	hlgf
603039	泛微网络	fwwl
603040	新坐标	xzb
603041	美思德	msd
603042	华脉科技	hmkj
603043	广州酒家	gzjj
603045	福达合金	fdhj
603050	科林电气	kldq
603055	台华新材	thxc
603056	德邦股份	dbgf
603058	永吉股份	yjgf
603059	倍加洁	bjj
603060	国检集团	gjjt
603063	禾望电气	hwdq
603066	音飞储存	yfcc
603067	振华股份	zhgf
603069	海汽集团	hqjt
603076	乐惠国际	lhgj
603077	和邦生物	hbsw
603078	江化微	jhw
603079	圣达生物	sdsw
603080	新疆火炬	xjhj
603081	大丰实业	dfsy
603083	剑桥科技	jqkj
603085	天成自控	tczk
603086	先达股份	xdgf
603088	宁波精达	nbjd
603089	正裕工业	zygy
603090	宏盛股份	hsgf
603096	新经典	xjd
603098	森特股份	stgf
603099	长白山	cbs
603100	川仪股份	cygf
603101	汇嘉时代	hjsd
603103	横店影视	hdys
603105	芯能科技	xnkj
603106	恒银金融	hyjr
603108	润达医疗	rdyl
603110	东方材料	dfcl
603111	康尼机电	knjd
603113	金能科技	jnkj
603116	红蜻蜓	hqt
603117	万林股份	wlgf
603118	共进股份	gjgf
603123	翠微股份	cwgf
603126	中材节能	zcjn
603127	昭衍新药	zyxy
603128	华贸物流	hmwl
603129	春风动力	cfdl
603131	上海沪工	shhg
603133	碳元科技	tykj
603136	天目湖	tmh
603138	海量数据	hlsj
603139	康惠制药	khzy
603156	养元饮品	yyyp
603157	拉夏贝尔	lxbe
603158	腾龙股份	tlgf
603159	上海亚虹	shyh
603160	汇顶科技	hdkj
603161	科华控股	khkg
603165	荣晟环保	rshb
603166	福达股份	fdgf
603167	渤海轮渡	bhld
603168	莎普爱思	spas
603169	兰石重装	lszz
603177	德创环保	dchb
603178	圣龙股份	slgf
603179	新泉股份	xqgf
603180	金牌厨柜	jpcg
603181	皇马科技	hmkj
603183	建研院	jyy
603186	华正新材	hzxc
603188	亚邦股份	ybgf
603189	网达软件	wdrj
603196	日播时尚	rbss
603197	保隆科技	blkj
603198	迎驾贡酒	yjgj
603199	九华旅游	jhly
603200	上海洗霸	shxb
603203	快克股份	kkgf
603208	江山欧派	jsop
603214	爱婴室	ays
603218	日月股份	rygf
603222	济民制药	jmzy
603223	恒通股份	htgf
603225	新凤鸣	xfm
603226	菲林格尔	flge
603227	雪峰科技	xfkj
603228	景旺电子	jwdz
603229	奥翔药业	axyy
603232	格尔软件	gerj
603233	大参林	dcl
603238	诺邦股份	nbgf
603239	浙江仙通	zjxt
603258	电魂网络	dhwl
603259	药明康德	ymkd
603260	合盛硅业	hsgy
603266	天龙股份	tlgf
603268	松发股份	sfgf
603269	海鸥股份	hogf
603277	银都股份	ydgf
603278	大业股份	dygf
603283	赛腾股份	stgf
603286	日盈电子	rydz
603288	海天味业	htwy
603289	泰瑞机器	trjq
603298	杭叉集团	hcjt
603299	井神股份	jsgf
603300	华铁科技	htkj
603301	振德医疗	zdyl
603303	得邦照明	dbzm
603305	旭升股份	xsgf
603306	华懋科技	hmkj
603308	应流股份	ylgf
603309	维力医疗	wlyl
603311	金海环境	jhhj
603313	梦百合	mbh
603315	福鞍股份	fagf
603316	诚邦股份	cbgf
603318	派思股份	psgf
603319	湘油泵	xyb
603320	迪贝电气	dbdq
603321	梅轮电梯	mldt
603322	超讯通信	cxtx
603323	吴江银行	wjyx
603326	我乐家居	wljj
603328	依顿电子	yddz
603329	上海雅仕	shys
603330	上海天洋	shty
603331	百达精工	bdjg
603333	明星电缆	mxdl
603335	迪生力	dsl
603336	宏辉果蔬	hhgs
603337	杰克股份	jkgf
603338	浙江鼎力	zjdl
603339	四方冷链	sfll
603345	安井食品	ajsp
603348	文灿股份	wcgf
603355	莱克电气	lkdq
603356	华菱精工	hljg
603357	设计总院	sjzy
603358	华达科技	hdkj
603359	东珠生态	dzst
603360	百傲化学	bahx
603363	傲农生物	answ
603365	水星家纺	sxjf
603366	日出东方	rcdf
603367	辰欣药业	cxyy
603368	柳药股份	lygf
603369	今世缘	jsy
603377	东方时尚	dfss
603378	亚士创能	yscn
603380	易德龙	ydl
603383	顶点软件	ddrj
603385	惠达卫浴	hdwy
603386	广东骏亚	gdjy
603387	基蛋生物	jdsw
603388	元成股份	ycgf
603389	亚振家居	yzjj
603393	新天然气	xtrq
603396	金辰股份	jcgf
603398	邦宝益智	bbyz
603399	吉翔股份	jxgf
603416	信捷电气	xjdq
603421	鼎信通讯	dxtx
603429	集友股份	jygf
603444	吉比特	jbt
603456	九洲药业	jzyy
603458	勘设股份	ksgf
603466	风语筑	fyz
603477	振静股份	zjgf
603486	科沃斯	kws
603488	展鹏科技	zpkj
603496	恒为科技	hwkj
603499	翔港科技	xgkj
603500	祥和实业	xhsy
603501	韦尔股份	wegf
603505	金石资源	jszy
603506	南都物业	ndwy
603507	振江股份	zjgf
603508	思维列控	swlk
603515	欧普照明	opzm
603516	淳中科技	czkj
603517	绝味食品	jwsp
603518	维格娜丝	wgns
603519	立霸股份	lbgf
603520	司太立	stl
603527	众源新材	zyxc
603528	多伦科技	dlkj
603533	掌阅科技	zykj
603535	嘉诚国际	jcgj
603536	惠发股份	hfgf
603538	美诺华	mnh
603555	贵人鸟	grn
603556	海兴电力	hxdl
603557	起步股份	qbgf
603558	健盛集团	jsjt
603559	中通国脉	ztgm
603566	普莱柯	plk
603567	珍宝岛	zbd
603568	伟明环保	wmhb
603569	长久物流	cjwl
603577	汇金通	hjt
603578	三星新材	sxxc
603579	荣泰健康	rtjk
603580	艾艾精工	aajg
603585	苏利股份	slgf
603586	金麒麟	jql
603587	地素时尚	dsss
603588	高能环境	gnhj
603589	口子窖	kzj
603595	东尼电子	dndz
603596	伯特利	btl
603598	引力传媒	ylcm
603599	广信股份	gxgf
603600	永艺股份	yygf
603601	再升科技	zskj
603602	纵横通信	zhtx
603603	博天环境	bthj
603605	珀莱雅	ply
603606	东方电缆	dfdl
603607	京华激光	jhjg
603608	天创时尚	tcss
603609	禾丰牧业	hfmy
603611	诺力股份	nlgf
603612	索通发展	stfz
603615	茶花股份	chgf
603616	韩建河山	hjhs
603617	君禾股份	jhgf
603618	杭电股份	hdgf
603619	中曼石油	zmsy
603626	科森科技	kskj
603628	清源股份	qygf
603630	拉芳家化	lfjh
603633	徕木股份	lmgf
603636	南威软件	nwrj
603637	镇海股份	zhgf
603638	艾迪精密	adjm
603639	海利尔	hle
603648	畅联股份	clgf
603650	彤程新材	tcxc
603655	朗博科技	lbkj
603656	泰禾光电	thgd
603658	安图生物	atsw
603659	璞泰来	ptl
603660	苏州科达	szkd
603661	恒林股份	hlgf
603663	三祥新材	sxxc
603665	康隆达	kld
603666	亿嘉和	yjh
603667	五洲新春	wzxc
603668	天马科技	tmkj
603669	灵康药业	lkyy
603676	卫信康	wxk
603677	奇精机械	qjjx
603678	火炬电子	hjdz
603679	华体科技	htkj
603680	今创集团	jcjt
603683	晶华新材	jhxc
603685	晨丰科技	cfkj
603686	龙马环卫	lmhw
603688	石英股份	sygf
603689	皖天然气	wtrq
603690	至纯科技	zckj
603693	江苏新能	jsxn
603696	安记食品	ajsp
603698	航天工程	htgc
603699	纽威股份	nwgf
603701	德宏股份	dhgf
603703	盛洋科技	sykj
603706	东方环宇	dfhy
603707	健友股份	jygf
603708	家家悦	jjy
603709	中源家居	zyjj
603711	香飘飘	xpp
603712	七一二	qye
603713	密尔克卫	mekw
603716	塞力斯	sls
603717	天域生态	tyst
603718	海利生物	hlsw
603721	中广天择	zgtz
603722	阿科力	akl
603725	天安新材	taxc
603726	朗迪集团	ldjt
603727	博迈科	bmk
603728	鸣志电器	mzdq
603729	龙韵股份	lygf
603730	岱美股份	dmgf
603733	仙鹤股份	xhgf
603737	三棵树	sks
603738	泰晶科技	tjkj
603757	大元泵业	dyby
603758	秦安股份	qagf
603766	隆鑫通用	lxty
603767	中马传动	zmcd
603768	常青股份	cqgf
603773	沃格光电	wggd
603776	永安行	yax
603777	来伊份	lyf
603778	乾景园林	qjyl
603779	威龙股份	wlgf
603787	新日股份	xrgf
603788	宁波高发	nbgf
603789	星光农机	xgnj
603797	联泰环保	lthb
603798	康普顿	kpd
603799	华友钴业	hygy
603800	道森股份	dsgf
603801	志邦股份	zbgf
603803	瑞斯康达	rskd
603806	福斯特	fst
603808	歌力思	gls
603809	豪能股份	hngf
603811	诚意药业	cyyy
603813	原尚股份	ysgf
603816	顾家家居	gjjj
603817	海峡环保	hxhb
603818	曲美家居	qmjj
603819	神力股份	slgf
603822	嘉澳环保	jahb
603823	百合花	bhh
603825	华扬联众	hylz
603826	坤彩科技	kckj
603828	柯利达	kld
603829	洛凯股份	lkgf
603833	欧派家居	opjj
603838	四通股份	stgf
603839	安正时尚	azss
603843	正平股份	zpgf
603848	好太太	htt
603855	华荣股份	hrgf
603856	东宏股份	dhgf
603858	步长制药	bczy
603859	能科股份	nkgf
603860	中公高科	zggk
603861	白云电器	bydq
603866	桃李面包	tlmb
603868	飞科电器	fkdq
603869	北部湾旅	bbwl
603871	嘉友国际	jygj
603876	鼎胜新材	dsxc
603877	太平鸟	tpn
603878	武进不锈	wjbx
603879	永悦科技	yykj
603880	南卫股份	nwgf
603881	数据港	sjg
603882	金域医学	jyyx
603883	老百姓	lbx
603885	吉祥航空	jxhk
603886	元祖股份	yzgf
603887	城地股份	cdgf
603888	新华网	xhw
603889	新澳股份	xagf
603890	春秋电子	cqdz
603895	天永智能	tyzn
603896	寿仙谷	sxg
603897	长城科技	cckj
603898	好莱客	hlk
603899	晨光文具	cgwj
603900	莱绅通灵	lstl
603901	永创智能	yczn
603903	中持股份	zcgf
603906	龙蟠科技	lpkj
603908	牧高笛	mgd
603909	合诚股份	hcgf
603912	佳力图	jlt
603916	苏博特	sbt
603917	合力科技	hlkj
603918	金桥信息	jqxx
603919	金徽酒	jhj
603920	世运电路	sydl
603922	金鸿顺	jhs
603926	铁流股份	tlgf
603928	兴业股份	xygf
603929	亚翔集成	yxjc
603933	睿能科技	rnkj
603936	博敏电子	bmdz
603937	丽岛新材	ldxc
603938	三孚股份	sfgf
603939	益丰药房	yfyf
603955	大千生态	dqst
603958	哈森股份	hsgf
603959	百利科技	blkj
603960	克来机电	kljd
603963	大理药业	dlyy
603966	法兰泰克	fltk
603968	醋化股份	chgf
603969	银龙股份	ylgf
603970	中农立华	znlh
603976	正川股份	zcgf
603977	国泰集团	gtjt
603978	深圳新星	szxx
603979	金诚信	jcx
603980	吉华集团	jhjt
603985	恒润股份	hrgf
603986	兆易创新	zycx
603987	康德莱	kdl
603988	中电电机	zddj
603989	艾华集团	ahjt
603990	麦迪科技	mdkj
603991	至正股份	zzgf
603993	洛阳钼业	lymy
603996	中新科技	zxkj
603997	继峰股份	jfgf
603998	方盛制药	fszy
603999	读者传媒	dzcm
000001	平安银行	payx
000002	万科Ａ	wka
000004	国农科技	gnkj
000005	世纪星源	sjxy
000006	深振业Ａ	szya
000007	全新好	qxh
000008	神州高铁	szgt
000009	中国宝安	zgba
000010	美丽生态	mlst
000011	深物业A	swya
000012	南玻Ａ	nba
000014	沙河股份	shgf
000016	深康佳Ａ	skja
000017	深中华A	szha
000018	神州长城	szcc
000019	深深宝Ａ	ssba
000020	深华发Ａ	shfa
000021	深科技	skj
000022	深赤湾Ａ	scwa
000023	深天地Ａ	stda
000025	特力Ａ	tla
000026	飞亚达Ａ	fyda
000027	深圳能源	szny
000028	国药一致	gyyz
000029	深深房Ａ	ssfa
000030	富奥股份	fagf
000031	中粮地产	zldc
000032	深桑达Ａ	ssda
000034	神州数码	szsm
000035	中国天楹	zgty
000036	华联控股	hlkg
000037	深南电A	snda
000038	深大通	sdt
000039	中集集团	zjjt
000040	东旭蓝天	dxlt
000042	中洲控股	zzkg
000043	中航善达	zhsd
000045	深纺织Ａ	sfza
000046	泛海控股	fhkg
000048	*ST康达	kd
000049	德赛电池	dsdc
000050	深天马Ａ	stma
000055	方大集团	fdjt
000056	皇庭国际	htgj
000058	深赛格	ssg
000059	华锦股份	hjgf
000060	中金岭南	zjln
000061	农产品	ncp
000062	深圳华强	szhq
000063	中兴通讯	zxtx
000065	北方国际	bfgj
000066	中国长城	zgcc
000068	华控赛格	hksg
000069	华侨城Ａ	hqca
000070	特发信息	tfxx
000078	海王生物	hwsw
000088	盐田港	ytg
000089	深圳机场	szjc
000090	天健集团	tjjt
000096	广聚能源	gjny
000099	中信海直	zxhz
000100	TCL集团	tcljt
000150	宜华健康	yhjk
000151	中成股份	zcgf
000153	丰原药业	fyyy
000155	川化股份	chgf
000156	华数传媒	hscm
000157	中联重科	zlzk
000158	常山北明	csbm
000159	国际实业	gjsy
000166	申万宏源	swhy
000301	东方市场	dfsc
000333	美的集团	mdjt
000338	潍柴动力	wcdl
000400	许继电气	xjdq
000401	冀东水泥	jdsn
000402	金融街	jrj
000403	ST生化	sh
000404	长虹华意	chhy
000407	胜利股份	slgf
000408	藏格控股	cgkg
000409	*ST地矿	dk
000410	沈阳机床	syjc
000411	英特集团	ytjt
000413	东旭光电	dxgd
000415	渤海金控	bhjk
000416	民生控股	mskg
000417	合肥百货	hfbh
000418	小天鹅Ａ	xtea
000419	通程控股	tckg
000420	吉林化纤	jlhx
000421	南京公用	njgy
000422	*ST宜化	yh
000423	东阿阿胶	daaj
000425	徐工机械	xgjx
000426	兴业矿业	xyky
000428	华天酒店	htjd
000429	粤高速Ａ	ygsa
000430	张家界	zjj
000488	晨鸣纸业	cmzy
000498	山东路桥	sdlq
000501	鄂武商Ａ	ewsa
000502	绿景控股	ljkg
000503	国新健康	gxjk
000504	南华生物	nhsw
000505	京粮控股	jlkg
000506	中润资源	zrzy
000507	珠海港	zhg
000509	华塑控股	hskg
000510	金路集团	jljt
000513	丽珠集团	lzjt
000514	渝开发	ykf
000516	国际医学	gjyx
000517	荣安地产	radc
000518	四环生物	shsw
000519	中兵红箭	zbhj
000520	长航凤凰	chfh
000521	长虹美菱	chml
000523	广州浪奇	gzlq
000524	岭南控股	lnkg
000525	红太阳	hty
000526	紫光学大	zgxd
000528	柳工	lg
000529	广弘控股	ghkg
000530	大冷股份	dlgf
000531	穗恒运Ａ	shya
000532	华金资本	hjzb
000533	万家乐	wjl
000534	万泽股份	wzgf
000536	华映科技	hykj
000537	广宇发展	gyfz
000538	云南白药	ynby
000539	粤电力Ａ	ydla
000540	中天金融	ztjr
000541	佛山照明	fszm
000543	皖能电力	wndl
000544	中原环保	zyhb
000545	金浦钛业	jpty
000546	金圆股份	jygf
000547	航天发展	htfz
000548	湖南投资	hntz
000550	江铃汽车	jlqc
000551	创元科技	cykj
000552	靖远煤电	jymd
000553	沙隆达Ａ	slda
000554	泰山石油	tssy
000555	神州信息	szxx
000557	西部创业	xbcy
000558	莱茵体育	lyty
000559	万向钱潮	wxqc
000560	我爱我家	wawj
000561	烽火电子	fhdz
000563	陕国投Ａ	sgta
000564	供销大集	gxdj
000565	渝三峡Ａ	ysxa
000566	海南海药	hnhy
000567	海德股份	hdgf
000568	泸州老窖	lzlj
000570	苏常柴Ａ	scca
000571	新大洲Ａ	xdza
000572	海马汽车	hmqc
000573	粤宏远Ａ	yhya
000576	广东甘化	gdgh
000581	威孚高科	wfgk
000582	北部湾港	bbwg
000584	哈工智能	hgzn
000585	*ST东电	dd
000586	汇源通信	hytx
000587	金洲慈航	jzch
000589	黔轮胎Ａ	qlta
000590	启迪古汉	qdgh
000591	太阳能	tyn
000592	平潭发展	ptfz
000593	大通燃气	dtrq
000595	宝塔实业	btsy
000596	古井贡酒	gjgj
000597	东北制药	dbzy
000598	兴蓉环境	xrhj
000599	青岛双星	qdsx
000600	建投能源	jtny
000601	韶能股份	sngf
000603	盛达矿业	sdky
000605	渤海股份	bhgf
000606	顺利办	slb
000607	华媒控股	hmkg
000608	阳光股份	yggf
000609	中迪投资	zdtz
000610	西安旅游	xaly
000611	天首发展	tsfz
000612	焦作万方	jzwf
000613	大东海A	ddha
000615	京汉股份	jhgf
000616	海航投资	hhtz
000617	中油资本	zyzb
000619	海螺型材	hlxc
000620	新华联	xhl
000622	恒立实业	hlsy
000623	吉林敖东	jlad
000625	长安汽车	caqc
000626	远大控股	ydkg
000627	天茂集团	tmjt
000628	高新发展	gxfz
000629	*ST钒钛	ft
000630	铜陵有色	tlys
000631	顺发恒业	sfhy
000632	三木集团	smjt
000633	合金投资	hjtz
000635	英力特	ylt
000636	风华高科	fhgk
000637	茂化实华	mhsh
000638	万方发展	wffz
000639	西王食品	xwsp
000650	仁和药业	rhyy
000651	格力电器	gldq
000652	泰达股份	tdgf
000655	*ST金岭	jl
000656	金科股份	jkgf
000657	中钨高新	zwgx
000659	珠海中富	zhzf
000661	长春高新	ccgx
000662	天夏智慧	txzh
000663	永安林业	yaly
000665	湖北广电	hbgd
000666	经纬纺机	jwfj
000667	美好置业	mhzy
000668	荣丰控股	rfkg
000669	金鸿控股	jhkg
000670	盈方微	yfw
000671	阳光城	ygc
000672	上峰水泥	sfsn
000673	当代东方	dddf
000676	智度股份	zdgf
000677	恒天海龙	hthl
000678	襄阳轴承	xyzc
000679	大连友谊	dlyy
000680	山推股份	stgf
000681	视觉中国	sjzg
000682	东方电子	dfdz
000683	远兴能源	yxny
000685	中山公用	zsgy
000686	东北证券	dbzq
000687	华讯方舟	hxfz
000688	建新矿业	jxky
000690	宝新能源	bxny
000691	亚太实业	ytsy
000692	惠天热电	htrd
000693	*ST华泽	hz
000695	滨海能源	bhny
000697	炼石有色	lsys
000698	沈阳化工	syhg
000700	模塑科技	mskj
000701	厦门信达	xmxd
000702	正虹科技	zhkj
000703	恒逸石化	hysh
000705	浙江震元	zjzy
000707	*ST双环	sh
000708	大冶特钢	dytg
000709	河钢股份	hggf
000710	贝瑞基因	brjy
000711	京蓝科技	jlkj
000712	锦龙股份	jlgf
000713	丰乐种业	flzy
000715	中兴商业	zxsy
000716	黑芝麻	hzm
000717	韶钢松山	sgss
000718	苏宁环球	snhq
000719	中原传媒	zycm
000720	*ST新能	xn
000721	西安饮食	xays
000722	湖南发展	hnfz
000723	美锦能源	mjny
000725	京东方Ａ	jdfa
000726	鲁泰Ａ	lta
000727	华东科技	hdkj
000728	国元证券	gyzq
000729	燕京啤酒	yjpj
000731	四川美丰	scmf
000732	泰禾集团	thjt
000733	振华科技	zhkj
000735	罗牛山	lns
000736	中交地产	zjdc
000737	*ST南风	nf
000738	航发控制	hfkz
000739	普洛药业	plyy
000750	国海证券	ghzq
000751	锌业股份	xygf
000752	西藏发展	xcfz
000753	漳州发展	zzfz
000755	*ST三维	sw
000756	新华制药	xhzy
000757	浩物股份	hwgf
000758	中色股份	zsgf
000759	中百集团	zbjt
000760	斯太尔	ste
000761	本钢板材	bgbc
000762	西藏矿业	xcky
000766	通化金马	thjm
000767	漳泽电力	zzdl
000768	中航飞机	zhfj
000776	广发证券	gfzq
000777	中核科技	zhkj
000778	新兴铸管	xxzg
000779	三毛派神	smps
000780	平庄能源	pzny
000782	美达股份	mdgf
000783	长江证券	cjzq
000785	武汉中商	whzs
000786	北新建材	bxjc
000788	北大医药	bdyy
000789	万年青	wnq
000790	泰合健康	thjk
000791	甘肃电投	gsdt
000792	盐湖股份	yhgf
000793	华闻传媒	hwcm
000795	英洛华	ylh
000796	凯撒旅游	ksly
000797	中国武夷	zgwy
000798	中水渔业	zsyy
000799	酒鬼酒	jgj
000800	一汽轿车	yqjc
000801	四川九洲	scjz
000802	北京文化	bjwh
000803	*ST金宇	jy
000806	银河生物	yhsw
000807	云铝股份	ylgf
000809	铁岭新城	tlxc
000810	创维数字	cwsz
000811	冰轮环境	blhj
000812	陕西金叶	sxjy
000813	德展健康	dzjk
000815	美利云	mly
000816	*ST慧业	hy
000818	航锦科技	hjkj
000819	岳阳兴长	yyxc
000820	神雾节能	swjn
000821	京山轻机	jsqj
000822	山东海化	sdhh
000823	超声电子	csdz
000825	太钢不锈	tgbx
000826	启迪桑德	qdsd
000828	东莞控股	dgkg
000829	天音控股	tykg
000830	鲁西化工	lxhg
000831	五矿稀土	wkxt
000833	贵糖股份	gtgf
000835	长城动漫	ccdm
000836	鑫茂科技	xmkj
000837	秦川机床	qcjc
000838	财信发展	cxfz
000839	中信国安	zxga
000848	承德露露	cdll
000850	华茂股份	hmgf
000851	高鸿股份	ghgf
000852	石化机械	shjx
000856	冀东装备	jdzb
000858	五粮液	wly
000859	国风塑业	gfsy
000860	顺鑫农业	sxny
000861	海印股份	hygf
000862	银星能源	yxny
000863	三湘印象	sxyx
000868	安凯客车	akkc
000869	张裕Ａ	zya
000875	吉电股份	jdgf
000876	新希望	xxw
000877	天山股份	tsgf
000878	云南铜业	ynty
000880	潍柴重机	wczj
000881	中广核技	zghj
000882	华联股份	hlgf
000883	湖北能源	hbny
000885	同力水泥	tlsn
000886	海南高速	hngs
000887	中鼎股份	zdgf
000888	峨眉山Ａ	emsa
000889	茂业通信	mytx
000890	法尔胜	fes
000892	欢瑞世纪	hrsj
000893	*ST东凌	dl
000895	双汇发展	shfz
000897	津滨发展	jbfz
000898	鞍钢股份	aggf
000899	赣能股份	gngf
000900	现代投资	xdtz
000901	航天科技	htkj
000902	新洋丰	xyf
000903	云内动力	yndl
000905	厦门港务	xmgw
000906	浙商中拓	zszt
000908	景峰医药	jfyy
000909	数源科技	sykj
000910	大亚圣象	dysx
000911	南宁糖业	nnty
000912	*ST天化	th
000913	钱江摩托	qjmt
000915	山大华特	sdht
000917	电广传媒	dgcm
000918	嘉凯城	jkc
000919	金陵药业	jlyy
000920	南方汇通	nfht
000921	海信科龙	hxkl
000922	*ST佳电	jd
000923	河北宣工	hbxg
000925	众合科技	zhkj
000926	福星股份	fxgf
000927	一汽夏利	yqxl
000928	中钢国际	zggj
000929	兰州黄河	lzhh
000930	中粮生化	zlsh
000931	中关村	zgc
000932	华菱钢铁	hlgt
000933	神火股份	shgf
000935	四川双马	scsm
000936	华西股份	hxgf
000937	冀中能源	jzny
000938	紫光股份	zggf
000939	*ST凯迪	kd
000948	南天信息	ntxx
000949	新乡化纤	xxhx
000950	*ST建峰	jf
000951	中国重汽	zgzq
000952	广济药业	gjyy
000953	ST河化	hh
000955	欣龙控股	xlkg
000957	中通客车	ztkc
000958	东方能源	dfny
000959	首钢股份	sggf
000960	锡业股份	xygf
000961	中南建设	znjs
000962	东方钽业	dfty
000963	华东医药	hdyy
000965	天保基建	tbjj
000966	长源电力	cydl
000967	盈峰环境	yfhj
000968	蓝焰控股	lykg
000969	安泰科技	atkj
000970	中科三环	zksh
000971	高升控股	gskg
000972	*ST中基	zj
000973	佛塑科技	fskj
000975	银泰资源	ytzy
000976	华铁股份	htgf
000977	浪潮信息	lcxx
000978	桂林旅游	glly
000979	中弘股份	zhgf
000980	众泰汽车	ztqc
000981	银亿股份	yygf
000982	*ST中绒	zr
000983	西山煤电	xsmd
000985	大庆华科	dqhk
000987	越秀金控	yxjk
000988	华工科技	hgkj
000989	九芝堂	jzt
000990	诚志股份	czgf
000993	闽东电力	mddl
000995	*ST皇台	ht
000996	中国中期	zgzq
000997	新大陆	xdl
000998	隆平高科	lpgk
000999	华润三九	hrsj
001696	宗申动力	zsdl
001896	豫能控股	ynkg
001965	招商公路	zsgl
001979	招商蛇口	zssk
002001	新和成	xhc
002002	鸿达兴业	hdxy
002003	伟星股份	wxgf
002004	华邦健康	hbjk
002005	德豪润达	dhrd
002006	精功科技	jgkj
002007	华兰生物	hlsw
002008	大族激光	dzjg
002009	天奇股份	tqgf
002010	传化智联	chzl
002011	盾安环境	dahj
002012	凯恩股份	kegf
002013	中航机电	zhjd
002014	永新股份	yxgf
002015	霞客环保	xkhb
002016	世荣兆业	srzy
002017	东信和平	dxhp
002018	*ST华信	hx
002019	亿帆医药	yfyy
002020	京新药业	jxyy
002021	中捷资源	zjzy
002022	科华生物	khsw
002023	海特高新	htgx
002024	苏宁易购	snyg
002025	航天电器	htdq
002026	山东威达	sdwd
002027	分众传媒	fzcm
002028	思源电气	sydq
002029	七匹狼	qpl
002030	达安基因	dajy
002031	巨轮智能	jlzn
002032	苏泊尔	sbe
002033	丽江旅游	ljly
002034	旺能环境	wnhj
002035	华帝股份	hdgf
002036	联创电子	lcdz
002037	久联发展	jlfz
002038	双鹭药业	slyy
002039	黔源电力	qydl
002040	南京港	njg
002041	登海种业	dhzy
002042	华孚时尚	hfss
002043	兔宝宝	tbb
002044	美年健康	mnjk
002045	国光电器	ggdq
002046	轴研科技	zykj
002047	宝鹰股份	bygf
002048	宁波华翔	nbhx
002049	紫光国微	zggw
002050	三花智控	shzk
002051	中工国际	zggj
002052	同洲电子	tzdz
002053	云南能投	ynnt
002054	德美化工	dmhg
002055	得润电子	drdz
002056	横店东磁	hddc
002057	中钢天源	zgty
002058	威尔泰	wet
002059	云南旅游	ynly
002060	粤水电	ysd
002061	浙江交科	zjjk
002062	宏润建设	hrjs
002063	远光软件	ygrj
002064	华峰氨纶	hfal
002065	东华软件	dhrj
002066	瑞泰科技	rtkj
002067	景兴纸业	jxzy
002068	黑猫股份	hmgf
002069	獐子岛	zzd
002070	*ST众和	zh
002071	长城影视	ccys
002072	凯瑞德	krd
002073	软控股份	rkgf
002074	国轩高科	gxgk
002075	沙钢股份	sggf
002076	雪莱特	xlt
002077	大港股份	dggf
002078	太阳纸业	tyzy
002079	苏州固锝	szgd
002080	中材科技	zckj
002081	金螳螂	jtl
002082	万邦德	wbd
002083	孚日股份	frgf
002084	海鸥住工	hozg
002085	万丰奥威	wfaw
002086	东方海洋	dfhy
002087	新野纺织	xyfz
002088	鲁阳节能	lyjn
002089	新海宜	xhy
002090	金智科技	jzkj
002091	江苏国泰	jsgt
002092	中泰化学	zthx
002093	国脉科技	gmkj
002094	青岛金王	qdjw
002095	生意宝	syb
002096	南岭民爆	nlmb
002097	山河智能	shzn
002098	浔兴股份	xxgf
002099	海翔药业	hxyy
002100	天康生物	tksw
002101	广东鸿图	gdht
002102	冠福股份	gfgf
002103	广博股份	gbgf
002104	恒宝股份	hbgf
002105	信隆健康	xljk
002106	莱宝高科	lbgk
002107	沃华医药	whyy
002108	沧州明珠	czmz
002109	兴化股份	xhgf
002110	三钢闽光	sgmg
002111	威海广泰	whgt
002112	三变科技	sbkj
002113	天润数娱	trsy
002114	罗平锌电	lpxd
002115	三维通信	swtx
002116	中国海诚	zghc
002117	东港股份	dggf
002118	紫鑫药业	zxyy
002119	康强电子	kqdz
002120	韵达股份	ydgf
002121	科陆电子	kldz
002122	*ST天马	tm
002123	梦网集团	mwjt
002124	天邦股份	tbgf
002125	湘潭电化	xtdh
002126	银轮股份	ylgf
002127	南极电商	njds
002128	露天煤业	ltmy
002129	中环股份	zhgf
002130	沃尔核材	wehc
002131	利欧股份	logf
002132	恒星科技	hxkj
002133	广宇集团	gyjt
002134	天津普林	tjpl
002135	东南网架	dnwj
002136	安纳达	and
002137	麦达数字	mdsz
002138	顺络电子	sldz
002139	拓邦股份	tbgf
002140	东华科技	dhkj
002141	贤丰控股	xfkg
002142	宁波银行	nbyx
002143	印纪传媒	yjcm
002144	宏达高科	hdgk
002145	中核钛白	zhtb
002146	荣盛发展	rsfz
002147	新光圆成	xgyc
002148	北纬科技	bwkj
002149	西部材料	xbcl
002150	通润装备	trzb
002151	北斗星通	bdxt
002152	广电运通	gdyt
002153	石基信息	sjxx
002154	报喜鸟	bxn
002155	湖南黄金	hnhj
002156	通富微电	tfwd
002157	正邦科技	zbkj
002158	汉钟精机	hzjj
002159	三特索道	stsd
002160	常铝股份	clgf
002161	远望谷	ywg
002162	悦心健康	yxjk
002163	中航三鑫	zhsx
002164	宁波东力	nbdl
002165	红宝丽	hbl
002166	莱茵生物	lysw
002167	东方锆业	dfgy
002168	深圳惠程	szhc
002169	智光电气	zgdq
002170	芭田股份	btgf
002171	楚江新材	cjxc
002172	澳洋科技	aykj
002173	创新医疗	cxyl
002174	游族网络	yzwl
002175	东方网络	dfwl
002176	江特电机	jtdj
002177	御银股份	yygf
002178	延华智能	yhzn
002179	中航光电	zhgd
002180	纳思达	nsd
002181	粤传媒	ycm
002182	云海金属	yhjs
002183	怡亚通	yyt
002184	海得控制	hdkz
002185	华天科技	htkj
002186	全聚德	qjd
002187	广百股份	gbgf
002188	*ST巴士	bs
002189	利达光电	ldgd
002190	成飞集成	cfjc
002191	劲嘉股份	jjgf
002192	融捷股份	rjgf
002193	如意集团	ryjt
002194	*ST凡谷	fg
002195	二三四五	essw
002196	方正电机	fzdj
002197	证通电子	ztdz
002198	嘉应制药	jyzy
002199	东晶电子	djdz
002200	云投生态	ytst
002201	九鼎新材	jdxc
002202	金风科技	jfkj
002203	海亮股份	hlgf
002204	大连重工	dlzg
002205	国统股份	gtgf
002206	海利得	hld
002207	*ST准油	zy
002208	合肥城建	hfcj
002209	达意隆	dyl
002210	飞马国际	fmgj
002211	宏达新材	hdxc
002212	南洋股份	nygf
002213	特尔佳	tej
002214	大立科技	dlkj
002215	诺普信	npx
002216	三全食品	sqsp
002217	合力泰	hlt
002218	拓日新能	trxn
002219	恒康医疗	hkyl
002220	天宝食品	tbsp
002221	东华能源	dhny
002222	福晶科技	fjkj
002223	鱼跃医疗	yyyl
002224	三力士	sls
002225	濮耐股份	pngf
002226	江南化工	jnhg
002227	奥特迅	atx
002228	合兴包装	hxbz
002229	鸿博股份	hbgf
002230	科大讯飞	kdxf
002231	奥维通信	awtx
002232	启明信息	qmxx
002233	塔牌集团	tpjt
002234	民和股份	mhgf
002235	安妮股份	angf
002236	大华股份	dhgf
002237	恒邦股份	hbgf
002238	天威视讯	twsx
002239	奥特佳	atj
002240	威华股份	whgf
002241	歌尔股份	gegf
002242	九阳股份	jygf
002243	通产丽星	tclx
002244	滨江集团	bjjt
002245	澳洋顺昌	aysc
002246	北化股份	bhgf
002247	帝龙文化	dlwh
002248	华东数控	hdsk
002249	大洋电机	dydj
002250	联化科技	lhkj
002251	步步高	bbg
002252	上海莱士	shls
002253	川大智胜	cdzs
002254	泰和新材	thxc
002255	海陆重工	hlzg
002256	兆新股份	zxgf
002258	利尔化学	lehx
002259	升达林业	sdly
002260	*ST德奥	da
002261	拓维信息	twxx
002262	恩华药业	ehyy
002263	*ST东南	dn
002264	新华都	xhd
002265	西仪股份	xygf
002266	浙富控股	zfkg
002267	陕天然气	strq
002268	卫士通	wst
002269	美邦服饰	mbfs
002270	华明装备	hmzb
002271	东方雨虹	dfyh
002272	川润股份	crgf
002273	水晶光电	sjgd
002274	华昌化工	hchg
002275	桂林三金	glsj
002276	万马股份	wmgf
002277	友阿股份	yagf
002278	神开股份	skgf
002279	久其软件	jqrj
002280	联络互动	llhd
002281	光迅科技	gxkj
002282	博深工具	bsgj
002283	天润曲轴	trqz
002284	亚太股份	ytgf
002285	世联行	slx
002286	保龄宝	blb
002287	奇正藏药	qzcy
002288	超华科技	chkj
002289	宇顺电子	ysdz
002290	中科新材	zkxc
002291	星期六	xql
002292	奥飞娱乐	afyl
002293	罗莱生活	llsh
002294	信立泰	xlt
002295	精艺股份	jygf
002296	辉煌科技	hhkj
002297	博云新材	byxc
002298	中电兴发	zdxf
002299	圣农发展	snfz
002300	太阳电缆	tydl
002301	齐心集团	qxjt
002302	西部建设	xbjs
002303	美盈森	mys
002304	洋河股份	yhgf
002305	南国置业	ngzy
002306	*ST云网	yw
002307	北新路桥	bxlq
002308	威创股份	wcgf
002309	中利集团	zljt
002310	东方园林	dfyl
002311	海大集团	hdjt
002312	三泰控股	stkg
002313	日海智能	rhzn
002314	南山控股	nskg
002315	焦点科技	jdkj
002316	亚联发展	ylfz
002317	众生药业	zsyy
002318	久立特材	jltc
002319	乐通股份	ltgf
002320	海峡股份	hxgf
002321	华英农业	hyny
002322	理工环科	lghk
002323	*ST百特	bt
002324	普利特	plt
002325	洪涛股份	htgf
002326	永太科技	ytkj
002327	富安娜	fan
002328	新朋股份	xpgf
002329	皇氏集团	hsjt
002330	得利斯	dls
002331	皖通科技	wtkj
002332	仙琚制药	xjzy
002333	罗普斯金	lpsj
002334	英威腾	ywt
002335	科华恒盛	khhs
002336	人人乐	rrl
002337	赛象科技	sxkj
002338	奥普光电	apgd
002339	积成电子	jcdz
002340	格林美	glm
002341	新纶科技	xlkj
002342	巨力索具	jlsj
002343	慈文传媒	cwcm
002344	海宁皮城	hnpc
002345	潮宏基	chj
002346	柘中股份	zzgf
002347	泰尔股份	tegf
002348	高乐股份	glgf
002349	精华制药	jhzy
002350	北京科锐	bjkr
002351	漫步者	mbz
002352	顺丰控股	sfkg
002353	杰瑞股份	jrgf
002354	天神娱乐	tsyl
002355	兴民智通	xmzt
002356	赫美集团	hmjt
002357	富临运业	flyy
002358	森源电气	sydq
002359	北讯集团	bxjt
002360	同德化工	tdhg
002361	神剑股份	sjgf
002362	汉王科技	hwkj
002363	隆基机械	ljjx
002364	中恒电气	zhdq
002365	永安药业	yayy
002366	台海核电	thhd
002367	康力电梯	kldt
002368	太极股份	tjgf
002369	卓翼科技	zykj
002370	亚太药业	ytyy
002371	北方华创	bfhc
002372	伟星新材	wxxc
002373	千方科技	qfkj
002374	丽鹏股份	lpgf
002375	亚厦股份	yxgf
002376	新北洋	xby
002377	国创高新	gcgx
002378	章源钨业	zywy
002379	宏创控股	hckg
002380	科远股份	kygf
002381	双箭股份	sjgf
002382	蓝帆医疗	lfyl
002383	合众思壮	hzsz
002384	东山精密	dsjm
002385	大北农	dbn
002386	天原集团	tyjt
002387	维信诺	wxn
002388	新亚制程	xyzc
002389	南洋科技	nykj
002390	信邦制药	xbzy
002391	长青股份	cqgf
002392	北京利尔	bjle
002393	力生制药	lszy
002394	联发股份	lfgf
002395	双象股份	sxgf
002396	星网锐捷	xwrj
002397	梦洁股份	mjgf
002398	建研集团	jyjt
002399	海普瑞	hpr
002400	省广集团	sgjt
002401	中远海科	zyhk
002402	和而泰	het
002403	爱仕达	asd
002404	嘉欣丝绸	jxsc
002405	四维图新	swtx
002406	远东传动	ydcd
002407	多氟多	dfd
002408	齐翔腾达	qxtd
002409	雅克科技	ykkj
002410	广联达	gld
002411	必康股份	bkgf
002412	汉森制药	hszy
002413	雷科防务	lkfw
002414	高德红外	gdhw
002415	海康威视	hkws
002416	爱施德	asd
002417	深南股份	sngf
002418	康盛股份	ksgf
002419	天虹股份	thgf
002420	毅昌股份	ycgf
002421	达实智能	dszn
002422	科伦药业	klyy
002423	中原特钢	zytg
002424	贵州百灵	gzbl
002425	凯撒文化	kswh
002426	胜利精密	sljm
002427	*ST尤夫	yf
002428	云南锗业	ynzy
002429	兆驰股份	zcgf
002430	杭氧股份	hygf
002431	棕榈股份	zlgf
002432	九安医疗	jayl
002433	太安堂	tat
002434	万里扬	wly
002435	长江润发	cjrf
002436	兴森科技	xskj
002437	誉衡药业	yhyy
002438	江苏神通	jsst
002439	启明星辰	qmxc
002440	闰土股份	rtgf
002441	众业达	zyd
002442	龙星化工	lxhg
002443	金洲管道	jzgd
002444	巨星科技	jxkj
002445	中南文化	znwh
002446	盛路通信	sltx
002447	晨鑫科技	cxkj
002448	中原内配	zynp
002449	国星光电	gxgd
002450	康得新	kdx
002451	摩恩电气	medq
002452	长高集团	cgjt
002453	华软科技	hrkj
002454	松芝股份	szgf
002455	百川股份	bcgf
002456	欧菲科技	ofkj
002457	青龙管业	qlgy
002458	益生股份	ysgf
002459	天业通联	tytl
002460	赣锋锂业	gfly
002461	珠江啤酒	zjpj
002462	嘉事堂	jst
002463	沪电股份	hdgf
002464	众应互联	zyhl
002465	海格通信	hgtx
002466	天齐锂业	tqly
002467	二六三	els
002468	申通快递	stkd
002469	三维工程	swgc
002470	金正大	jzd
002471	中超控股	zckg
002472	双环传动	shcd
002473	*ST圣莱	sl
002474	榕基软件	rjrj
002475	立讯精密	lxjm
002476	宝莫股份	bmgf
002477	雏鹰农牧	cynm
002478	常宝股份	cbgf
002479	富春环保	fchb
002480	新筑股份	xzgf
002481	双塔食品	stsp
002482	广田集团	gtjt
002483	润邦股份	rbgf
002484	江海股份	jhgf
002485	希努尔	xne
002486	嘉麟杰	jlj
002487	大金重工	djzg
002488	金固股份	jggf
002489	浙江永强	zjyq
002490	山东墨龙	sdml
002491	通鼎互联	tdhl
002492	恒基达鑫	hjdx
002493	荣盛石化	rssh
002494	华斯股份	hsgf
002495	佳隆股份	jlgf
002496	辉丰股份	hfgf
002497	雅化集团	yhjt
002498	汉缆股份	hlgf
002499	科林环保	klhb
002500	山西证券	sxzq
002501	利源精制	lyjz
002502	骅威文化	hwwh
002503	搜于特	syt
002504	弘高创意	hgcy
002505	大康农业	dkny
002506	协鑫集成	xxjc
002507	涪陵榨菜	flzc
002508	老板电器	lbdq
002509	天广中茂	tgzm
002510	天汽模	tqm
002511	中顺洁柔	zsjr
002512	达华智能	dhzn
002513	蓝丰生化	lfsh
002514	宝馨科技	bxkj
002515	金字火腿	jzht
002516	旷达科技	kdkj
002517	恺英网络	kywl
002518	科士达	ksd
002519	银河电子	yhdz
002520	日发精机	rfjj
002521	齐峰新材	qfxc
002522	浙江众成	zjzc
002523	天桥起重	tqqz
002524	光正集团	gzjt
002526	山东矿机	sdkj
002527	新时达	xsd
002528	英飞拓	yft
002529	海源机械	hyjx
002530	金财互联	jchl
002531	天顺风能	tsfn
002532	新界泵业	xjby
002533	金杯电工	jbdg
002534	杭锅股份	hggf
002535	林州重机	lzzj
002536	西泵股份	xbgf
002537	海联金汇	hljh
002538	司尔特	set
002539	云图控股	ytkg
002540	亚太科技	ytkj
002541	鸿路钢构	hlgg
002542	中化岩土	zhyt
002543	万和电气	whdq
002544	杰赛科技	jskj
002545	东方铁塔	dftt
002546	新联电子	xldz
002547	春兴精工	cxjg
002548	金新农	jxn
002549	凯美特气	kmtq
002550	千红制药	qhzy
002551	尚荣医疗	sryl
002552	*ST宝鼎	bd
002553	南方轴承	nfzc
002554	惠博普	hbp
002555	三七互娱	sqhy
002556	辉隆股份	hlgf
002557	洽洽食品	qqsp
002558	巨人网络	jrwl
002559	亚威股份	ywgf
002560	通达股份	tdgf
002561	徐家汇	xjh
002562	兄弟科技	xdkj
002563	森马服饰	smfs
002564	天沃科技	twkj
002565	顺灏股份	shgf
002566	益盛药业	ysyy
002567	唐人神	trs
002568	百润股份	brgf
002569	步森股份	bsgf
002570	*ST因美	ym
002571	德力股份	dlgf
002572	索菲亚	sfy
002573	清新环境	qxhj
002574	明牌珠宝	mpzb
002575	群兴玩具	qxwj
002576	通达动力	tddl
002577	雷柏科技	lbkj
002578	闽发铝业	mfly
002579	中京电子	zjdz
002580	圣阳股份	sygf
002581	未名医药	wmyy
002582	好想你	hxn
002583	海能达	hnd
002584	西陇科学	xlkx
002585	双星新材	sxxc
002586	围海股份	whgf
002587	奥拓电子	atdz
002588	史丹利	sdl
002589	瑞康医药	rkyy
002590	万安科技	wakj
002591	恒大高新	hdgx
002592	八菱科技	blkj
002593	日上集团	rsjt
002594	比亚迪	byd
002595	豪迈科技	hmkj
002596	海南瑞泽	hnrz
002597	金禾实业	jhsy
002598	山东章鼓	sdzg
002599	盛通股份	stgf
002600	领益智造	lyzz
002601	龙蟒佰利	lmbl
002602	世纪华通	sjht
002603	以岭药业	ylyy
002604	*ST龙力	ll
002605	姚记扑克	yjpk
002606	大连电瓷	dldc
002607	亚夏汽车	yxqc
002608	江苏国信	jsgx
002609	捷顺科技	jskj
002610	爱康科技	akkj
002611	东方精工	dfjg
002612	朗姿股份	lzgf
002613	北玻股份	bbgf
002614	奥佳华	ajh
002615	哈尔斯	hes
002616	长青集团	cqjt
002617	露笑科技	lxkj
002618	丹邦科技	dbkj
002619	艾格拉斯	agls
002620	瑞和股份	rhgf
002621	三垒股份	slgf
002622	融钰集团	ryjt
002623	亚玛顿	ymd
002624	完美世界	wmsj
002625	光启技术	gqjs
002626	金达威	jdw
002627	宜昌交运	ycjy
002628	成都路桥	cdlq
002629	仁智股份	rzgf
002630	华西能源	hxny
002631	德尔未来	dewl
002632	道明光学	dmgx
002633	申科股份	skgf
002634	棒杰股份	bjgf
002635	安洁科技	ajkj
002636	金安国纪	jagj
002637	赞宇科技	zykj
002638	勤上股份	qsgf
002639	雪人股份	xrgf
002640	跨境通	kjt
002641	永高股份	yggf
002642	荣之联	rzl
002643	万润股份	wrgf
002644	佛慈制药	fczy
002645	华宏科技	hhkj
002646	青青稞酒	qqkj
002647	民盛金科	msjk
002648	卫星石化	wxsh
002649	博彦科技	bykj
002650	加加食品	jjsp
002651	利君股份	ljgf
002652	扬子新材	yzxc
002653	海思科	hsk
002654	万润科技	wrkj
002655	共达电声	gdds
002656	摩登大道	mddd
002657	中科金财	zkjc
002658	雪迪龙	xdl
002659	凯文教育	kwjy
002660	茂硕电源	msdy
002661	克明面业	kmmy
002662	京威股份	jwgf
002663	普邦股份	pbgf
002664	长鹰信质	cyxz
002665	首航节能	shjn
002666	德联集团	dljt
002667	鞍重股份	azgf
002668	奥马电器	amdq
002669	康达新材	kdxc
002670	国盛金控	gsjk
002671	龙泉股份	lqgf
002672	东江环保	djhb
002673	西部证券	xbzq
002674	兴业科技	xykj
002675	东诚药业	dcyy
002676	顺威股份	swgf
002677	浙江美大	zjmd
002678	珠江钢琴	zjgq
002679	福建金森	fjjs
002680	长生生物	cssw
002681	奋达科技	fdkj
002682	龙洲股份	lzgf
002683	宏大爆破	hdbp
002684	猛狮科技	mskj
002685	华东重机	hdzj
002686	亿利达	yld
002687	乔治白	qzb
002688	金河生物	jhsw
002689	远大智能	ydzn
002690	美亚光电	mygd
002691	冀凯股份	jkgf
002692	睿康股份	rkgf
002693	双成药业	scyy
002694	顾地科技	gdkj
002695	煌上煌	hsh
002696	百洋股份	bygf
002697	红旗连锁	hqls
002698	博实股份	bsgf
002699	美盛文化	mswh
002700	新疆浩源	xjhy
002701	奥瑞金	arj
002702	海欣食品	hxsp
002703	浙江世宝	zjsb
002705	新宝股份	xbgf
002706	良信电器	lxdq
002707	众信旅游	zxly
002708	光洋股份	gygf
002709	天赐材料	tccl
002711	欧浦智网	opzw
002712	思美传媒	smcm
002713	东易日盛	dyrs
002714	牧原股份	mygf
002715	登云股份	dygf
002716	金贵银业	jgyy
002717	岭南股份	lngf
002718	友邦吊顶	ybdd
002719	麦趣尔	mqe
002721	金一文化	jywh
002722	金轮股份	jlgf
002723	金莱特	jlt
002724	海洋王	hyw
002725	跃岭股份	ylgf
002726	龙大肉食	ldrs
002727	一心堂	yxt
002728	特一药业	tyyy
002729	好利来	hll
002730	电光科技	dgkj
002731	萃华珠宝	chzb
002732	燕塘乳业	ytry
002733	雄韬股份	xtgf
002734	利民股份	lmgf
002735	王子新材	wzxc
002736	国信证券	gxzq
002737	葵花药业	khyy
002738	中矿资源	zkzy
002739	万达电影	wddy
002740	爱迪尔	ade
002741	光华科技	ghkj
002742	三圣股份	ssgf
002743	富煌钢构	fhgg
002745	木林森	mls
002746	仙坛股份	xtgf
002747	埃斯顿	asd
002748	世龙实业	slsy
002749	国光股份	gggf
002750	龙津药业	ljyy
002751	易尚展示	yszs
002752	N兴股份	sxgf
002753	永东股份	ydgf
002755	东方新星	dfxx
002756	永兴特钢	yxtg
002757	南兴装备	nxzb
002758	华通医药	htyy
002759	天际股份	tjgf
002760	凤形股份	fxgf
002761	多喜爱	dxa
002762	金发拉比	jflb
002763	汇洁股份	hjgf
002765	蓝黛传动	ldcd
002766	索菱股份	slgf
002767	先锋电子	xfdz
002768	国恩股份	gegf
002769	普路通	plt
002770	科迪乳业	kdry
002771	真视通	zst
002772	众兴菌业	zxjy
002773	康弘药业	khyy
002774	快意电梯	kydt
002775	文科园林	wkyl
002776	柏堡龙	bbl
002777	久远银海	jyyh
002778	高科石化	gksh
002779	中坚科技	zjkj
002780	三夫户外	sfhw
002781	奇信股份	qxgf
002782	可立克	klk
002783	凯龙股份	klgf
002785	万里石	wls
002786	银宝山新	ybsx
002787	华源控股	hykg
002788	鹭燕医药	lyyy
002789	建艺集团	jyjt
002790	瑞尔特	ret
002791	坚朗五金	jlwj
002792	通宇通讯	tytx
002793	东音股份	dygf
002795	永和智控	yhzk
002796	世嘉科技	sjkj
002797	第一创业	dycy
002798	帝欧家居	dojj
002799	环球印务	hqyw
002800	天顺股份	tsgf
002801	微光股份	wggf
002802	洪汇新材	hhxc
002803	吉宏股份	jhgf
002805	丰元股份	fygf
002806	华锋股份	hfgf
002807	江阴银行	jyyx
002808	苏州恒久	szhj
002809	红墙股份	hqgf
002810	山东赫达	sdhd
002811	亚泰国际	ytgj
002812	创新股份	cxgf
002813	路畅科技	lckj
002815	崇达技术	cdjs
002816	和科达	hkd
002817	黄山胶囊	hsjn
002818	富森美	fsm
002819	东方中科	dfzk
002820	桂发祥	gfx
002821	凯莱英	kly
002822	中装建设	zzjs
002823	凯中精密	kzjm
002824	和胜股份	hsgf
002825	纳尔股份	negf
002826	易明医药	ymyy
002827	高争民爆	gzmb
002828	贝肯能源	bkny
002829	星网宇达	xwyd
002830	名雕股份	mdgf
002831	裕同科技	ytkj
002832	比音勒芬	bylf
002833	弘亚数控	hysk
002835	同为股份	twgf
002836	新宏泽	xhz
002837	英维克	ywk
002838	道恩股份	degf
002839	张家港行	zjgx
002840	华统股份	htgf
002841	视源股份	sygf
002842	翔鹭钨业	xlwy
002843	泰嘉股份	tjgf
002845	同兴达	txd
002846	英联股份	ylgf
002847	盐津铺子	yjpz
002848	高斯贝尔	gsbe
002849	威星智能	wxzn
002850	科达利	kdl
002851	麦格米特	mgmt
002852	道道全	ddq
002853	皮阿诺	pan
002855	捷荣技术	jrjs
002856	美芝股份	mzgf
002857	三晖电气	shdq
002858	力盛赛车	lssc
002859	洁美科技	jmkj
002860	星帅尔	xse
002861	瀛通通讯	yttx
002862	实丰文化	sfwh
002863	今飞凯达	jfkd
002864	盘龙药业	plyy
002865	钧达股份	jdgf
002866	传艺科技	cykj
002867	周大生	zds
002868	绿康生化	lksh
002869	金溢科技	jykj
002870	香山股份	xsgf
002871	伟隆股份	wlgf
002872	天圣制药	tszy
002873	新天药业	xtyy
002875	安奈儿	ane
002876	三利谱	slp
002877	智能自控	znzk
002878	元隆雅图	ylyt
002879	长缆科技	clkj
002880	卫光生物	wgsw
002881	美格智能	mgzn
002882	金龙羽	jly
002883	中设股份	zsgf
002884	凌霄泵业	lxby
002885	京泉华	jqh
002886	沃特股份	wtgf
002887	绿茵生态	lyst
002888	惠威科技	hwkj
002889	东方嘉盛	dfjs
002890	弘宇股份	hygf
002891	中宠股份	zcgf
002892	科力尔	kle
002893	华通热力	htrl
002895	川恒股份	chgf
002896	中大力德	zdld
002897	意华股份	yhgf
002898	赛隆药业	slyy
002899	英派斯	yps
002900	哈三联	hsl
002901	大博医疗	dbyl
002902	铭普光磁	mpgc
002903	宇环数控	yhsk
002905	金逸影视	jyys
002906	华阳集团	hyjt
002907	华森制药	hszy
002908	德生科技	dskj
002909	集泰股份	jtgf
002910	庄园牧场	zymc
002911	佛燃股份	frgf
002912	中新赛克	zxsk
002913	奥士康	ask
002915	中欣氟材	zxfc
002916	深南电路	sndl
002917	金奥博	jab
002918	蒙娜丽莎	mnls
002919	名臣健康	mcjk
002920	德赛西威	dsxw
002921	联诚精密	lcjm
002922	伊戈尔	yge
002923	润都股份	rdgf
002925	盈趣科技	yqkj
002926	华西证券	hxzq
002927	泰永长征	tycz
002928	华夏航空	hxhk
002929	润建通信	rjtx
002930	宏川智慧	hczh
002931	锋龙股份	flgf
002932	明德生物	mdsw
300001	特锐德	trd
300002	神州泰岳	szty
300003	乐普医疗	lpyl
300004	南风股份	nfgf
300005	探路者	tlz
300006	莱美药业	lmyy
300007	汉威科技	hwkj
300008	天海防务	thfw
300009	安科生物	aksw
300010	立思辰	lsc
300011	鼎汉技术	dhjs
300012	华测检测	hcjc
300013	新宁物流	xnwl
300014	亿纬锂能	ywln
300015	爱尔眼科	aeyk
300016	北陆药业	blyy
300017	网宿科技	wskj
300018	中元股份	zygf
300019	硅宝科技	gbkj
300020	银江股份	yjgf
300021	大禹节水	dyjs
300022	吉峰农机	jfnj
300023	宝德股份	bdgf
300024	机器人	jqr
300025	华星创业	hxcy
300026	红日药业	hryy
300027	华谊兄弟	hyxd
300028	*金亚	jy
300029	天龙光电	tlgd
300030	阳普医疗	ypyl
300031	宝通科技	btkj
300032	金龙机电	jljd
300033	同花顺	ths
300034	钢研高纳	gygn
300035	中科电气	zkdq
300036	超图软件	ctrj
300037	新宙邦	xzb
300038	梅泰诺	mtn
300039	上海凯宝	shkb
300040	九洲电气	jzdq
300041	回天新材	htxc
300042	朗科科技	lkkj
300043	星辉娱乐	xhyl
300044	赛为智能	swzn
300045	华力创通	hlct
300046	台基股份	tjgf
300047	天源迪科	tydk
300048	合康新能	hkxn
300049	福瑞股份	frgf
300050	世纪鼎利	sjdl
300051	三五互联	swhl
300052	中青宝	zqb
300053	欧比特	obt
300054	鼎龙股份	dlgf
300055	万邦达	wbd
300056	三维丝	sws
300057	万顺股份	wsgf
300058	蓝色光标	lsgb
300059	东方财富	dfcf
300061	康旗股份	kqgf
300062	中能电气	zndq
300063	天龙集团	tljt
300064	豫金刚石	yjgs
300065	海兰信	hlx
300066	三川智慧	sczh
300067	安诺其	anq
300068	南都电源	nddy
300069	金利华电	jlhd
300070	碧水源	bsy
300071	华谊嘉信	hyjx
300072	三聚环保	sjhb
300073	当升科技	dskj
300074	华平股份	hpgf
300075	数字政通	szzt
300076	GQY视讯	gqysx
300077	国民技术	gmjs
300078	思创医惠	scyh
300079	数码科技	smkj
300080	易成新能	ycxn
300081	恒信东方	hxdf
300082	奥克股份	akgf
300083	劲胜智能	jszn
300084	海默科技	hmkj
300085	银之杰	yzj
300086	康芝药业	kzyy
300087	荃银高科	qygk
300088	长信科技	cxkj
300089	文化长城	whcc
300090	盛运环保	syhb
300091	金通灵	jtl
300092	科新机电	kxjd
300093	金刚玻璃	jgbl
300094	国联水产	glsc
300095	华伍股份	hwgf
300096	易联众	ylz
300097	智云股份	zygf
300098	高新兴	gxx
300099	精准信息	jzxx
300100	双林股份	slgf
300101	振芯科技	zxkj
300102	乾照光电	qzgd
300103	达刚路机	dglj
300104	乐视网	lsw
300105	龙源技术	lyjs
300106	西部牧业	xbmy
300107	建新股份	jxgf
300108	吉药控股	jykg
300109	新开源	xky
300110	华仁药业	hryy
300111	向日葵	xrk
300112	万讯自控	wxzk
300113	顺网科技	swkj
300114	中航电测	zhdc
300115	长盈精密	cyjm
300116	坚瑞沃能	jrwn
300117	嘉寓股份	jygf
300118	东方日升	dfrs
300119	瑞普生物	rpsw
300120	经纬辉开	jwhk
300121	阳谷华泰	yght
300122	智飞生物	zfsw
300123	亚光科技	ygkj
300124	汇川技术	hcjs
300125	易世达	ysd
300126	锐奇股份	rqgf
300127	银河磁体	yhct
300128	锦富技术	jfjs
300129	泰胜风能	tsfn
300130	新国都	xgd
300131	英唐智控	ytzk
300132	青松股份	qsgf
300133	华策影视	hcys
300134	大富科技	dfkj
300135	宝利国际	blgj
300136	信维通信	xwtx
300137	先河环保	xhhb
300138	晨光生物	cgsw
300139	晓程科技	xckj
300140	中环装备	zhzb
300141	和顺电气	hsdq
300142	沃森生物	wssw
300143	星普医科	xpyk
300144	宋城演艺	scyy
300145	中金环境	zjhj
300146	汤臣倍健	tcbj
300147	香雪制药	xxzy
300148	天舟文化	tzwh
300149	量子生物	lzsw
300150	世纪瑞尔	sjre
300151	昌红科技	chkj
300152	科融环境	krhj
300153	科泰电源	ktdy
300154	瑞凌股份	rlgf
300155	安居宝	ajb
300156	神雾环保	swhb
300157	恒泰艾普	htap
300158	振东制药	zdzy
300159	新研股份	xygf
300160	秀强股份	xqgf
300161	华中数控	hzsk
300162	雷曼股份	lmgf
300163	先锋新材	xfxc
300164	通源石油	tysy
300165	天瑞仪器	tryq
300166	东方国信	dfgx
300167	迪威迅	dwx
300168	万达信息	wdxx
300169	天晟新材	tsxc
300170	汉得信息	hdxx
300171	东富龙	dfl
300172	中电环保	zdhb
300173	智慧松德	zhsd
300174	元力股份	ylgf
300175	朗源股份	lygf
300176	鸿特科技	htkj
300177	中海达	zhd
300178	腾邦国际	tbgj
300179	四方达	sfd
300180	华峰超纤	hfcx
300181	佐力药业	zlyy
300182	捷成股份	jcgf
300183	东软载波	drzb
300184	力源信息	lyxx
300185	通裕重工	tyzg
300187	永清环保	yqhb
300188	美亚柏科	mybk
300189	神农基因	snjy
300190	维尔利	wel
300191	潜能恒信	qnhx
300192	科斯伍德	kswd
300193	佳士科技	jskj
300194	福安药业	fayy
300195	长荣股份	crgf
300196	长海股份	chgf
300197	铁汉生态	thst
300198	纳川股份	ncgf
300199	翰宇药业	hyyy
300200	高盟新材	gmxc
300201	海伦哲	hlz
300202	聚龙股份	jlgf
300203	聚光科技	jgkj
300204	舒泰神	sts
300205	天喻信息	tyxx
300206	理邦仪器	lbyq
300207	欣旺达	xwd
300208	恒顺众N	hszs
300209	天泽信息	tzxx
300210	森远股份	sygf
300211	亿通科技	ytkj
300212	易华录	yhl
300213	佳讯飞鸿	jxfh
300214	日科化学	rkhx
300215	电科院	dky
300216	千山药机	qsyj
300217	东方电热	dfdr
300218	安利股份	algf
300219	鸿利智汇	hlzh
300220	金运激光	jyjg
300221	银禧科技	yxkj
300222	科大智能	kdzn
300223	北京君正	bjjz
300224	正海磁材	zhcc
300225	金力泰	jlt
300226	上海钢联	shgl
300227	光韵达	gyd
300228	富瑞特装	frtz
300229	拓尔思	tes
300230	永利股份	ylgf
300231	银信科技	yxkj
300232	洲明科技	zmkj
300233	金城医药	jcyy
300234	开尔新材	kexc
300235	方直科技	fzkj
300236	上海新阳	shxy
300237	美晨生态	mcst
300238	冠昊生物	ghsw
300239	东宝生物	dbsw
300240	飞力达	fld
300241	瑞丰光电	rfgd
300242	佳云科技	jykj
300243	瑞丰高材	rfgc
300244	迪安诊断	dazd
300245	天玑科技	tjkj
300246	宝莱特	blt
300247	乐金健康	ljjk
300248	新开普	xkp
300249	依米康	ymk
300250	初灵信息	clxx
300251	光线传媒	gxcm
300252	金信诺	jxn
300253	卫宁健康	wnjk
300254	仟源医药	qyyy
300255	常山药业	csyy
300256	星星科技	xxkj
300257	开山股份	ksgf
300258	精锻科技	jdkj
300259	新天科技	xtkj
300260	新莱应材	xlyc
300261	雅本化学	ybhx
300262	巴安水务	basw
300263	隆华节能	lhjn
300264	佳创视讯	jcsx
300265	通光线缆	tgxl
300266	兴源环境	xyhj
300267	尔康制药	ekzy
300268	佳沃股份	jwgf
300269	联建光电	ljgd
300270	中威电子	zwdz
300271	华宇软件	hyrj
300272	开能健康	knjk
300273	和佳股份	hjgf
300274	阳光电源	ygdy
300275	梅安森	mas
300276	三丰智能	sfzn
300277	海联讯	hlx
300278	华昌达	hcd
300279	和晶科技	hjkj
300280	南通锻压	ntdy
300281	金明精机	jmjj
300282	三盛教育	ssjy
300283	温州宏丰	wzhf
300284	苏交科	sjk
300285	国瓷材料	gccl
300286	安科瑞	akr
300287	飞利信	flx
300288	朗玛信息	lmxx
300289	利德曼	ldm
300290	荣科科技	rkkj
300291	华录百纳	hlbn
300292	吴通控股	wtkg
300293	蓝英装备	lyzb
300294	博雅生物	bysw
300295	三六五网	slww
300296	利亚德	lyd
300297	蓝盾股份	ldgf
300298	三诺生物	snsw
300299	富春股份	fcgf
300300	汉鼎宇佑	hdyy
300301	长方集团	cfjt
300302	同有科技	tykj
300303	聚飞光电	jfgd
300304	云意电气	yydq
300305	裕兴股份	yxgf
300306	远方信息	yfxx
300307	慈星股份	cxgf
300308	中际旭创	zjxc
300309	吉艾科技	jakj
300310	宜通世纪	ytsj
300311	任子行	rzx
300312	邦讯技术	bxjs
300313	天山生物	tssw
300314	戴维医疗	dwyl
300315	掌趣科技	zqkj
300316	晶盛机电	jsjd
300317	珈伟股份	jwgf
300318	博晖创新	bhcx
300319	麦捷科技	mjkj
300320	海达股份	hdgf
300321	同大股份	tdgf
300322	硕贝德	sbd
300323	华灿光电	hcgd
300324	旋极信息	xjxx
300325	德威新材	dwxc
300326	凯利泰	klt
300327	中颖电子	zydz
300328	宜安科技	yakj
300329	海伦钢琴	hlgq
300330	华虹计通	hhjt
300331	苏大维格	sdwg
300332	天壕环境	thhj
300333	兆日科技	zrkj
300334	津膜科技	jmkj
300335	迪森股份	dsgf
300336	新文化	xwh
300337	银邦股份	ybgf
300338	开元股份	kygf
300339	润和软件	rhrj
300340	科恒股份	khgf
300341	麦迪电气	mddq
300342	天银机电	tyjd
300343	联创互联	lchl
300344	太空智造	tkzz
300345	红宇新材	hyxc
300346	南大光电	ndgd
300347	泰格医药	tgyy
300348	长亮科技	clkj
300349	金卡智能	jkzn
300350	华鹏飞	hpf
300351	永贵电器	ygdq
300352	北信源	bxy
300353	东土科技	dtkj
300354	东华测试	dhcs
300355	蒙草生态	mcst
300356	光一科技	gykj
300357	我武生物	wwsw
300358	楚天科技	ctkj
300359	全通教育	qtjy
300360	炬华科技	jhkj
300362	天翔环境	txhj
300363	博腾股份	btgf
300364	中文在线	zwzx
300365	恒华科技	hhkj
300366	创意信息	cyxx
300367	东方网力	dfwl
300368	汇金股份	hjgf
300369	绿盟科技	lmkj
300370	安控科技	akkj
300371	汇中股份	hzgf
300373	扬杰科技	yjkj
300374	恒通科技	htkj
300375	鹏翎股份	plgf
300376	易事特	yst
300377	赢时胜	yss
300378	鼎捷软件	djrj
300379	东方通	dft
300380	安硕信息	asxx
300381	溢多利	ydl
300382	斯莱克	slk
300383	光环新网	ghxw
300384	三联虹普	slhp
300385	雪浪环境	xlhj
300386	飞天诚信	ftcx
300387	富邦股份	fbgf
300388	国祯环保	gzhb
300389	艾比森	abs
300390	天华超净	thcj
300391	康跃科技	kykj
300392	腾信股份	txgf
300393	中来股份	zlgf
300394	天孚通信	tftx
300395	菲利华	flh
300396	迪瑞医疗	dryl
300397	天和防务	thfw
300398	飞凯材料	fkcl
300399	京天利	jtl
300400	劲拓股份	jtgf
300401	花园生物	hysw
300402	宝色股份	bsgf
300403	地尔汉宇	dehy
300404	博济医药	bjyy
300405	科隆股份	klgf
300406	九强生物	jqsw
300407	凯发电气	kfdq
300408	三环集团	shjt
300409	道氏技术	dsjs
300410	正业科技	zykj
300411	金盾股份	jdgf
300412	迦南科技	jnkj
300413	快乐购	klg
300414	中光防雷	zgfl
300415	伊之密	yzm
300416	苏试试验	sssy
300417	南华仪器	nhyq
300418	昆仑万维	klww
300419	浩丰科技	hfkj
300420	五洋停车	wytc
300421	力星股份	lxgf
300422	博世科	bsk
300423	鲁亿通	lyt
300424	航新科技	hxkj
300425	环能科技	hnkj
300426	唐德影视	tdys
300427	红相股份	hxgf
300428	四通新材	stxc
300429	强力新材	qlxc
300430	诚益通	cyt
300431	暴风集团	bfjt
300432	富临精工	fljg
300433	蓝思科技	lskj
300434	金石东方	jsdf
300435	中泰股份	ztgf
300436	广生堂	gst
300437	清水源	qsy
300438	鹏辉能源	phny
300439	美康生物	mksw
300440	运达科技	ydkj
300441	鲍斯股份	bsgf
300442	普丽盛	pls
300443	金雷风电	jlfd
300444	双杰电气	sjdq
300445	康斯特	kst
300446	乐凯新材	lkxc
300447	全信股份	qxgf
300448	浩云科技	hykj
300449	汉邦高科	hbgk
300450	先导智能	xdzn
300451	创业软件	cyrj
300452	山河药辅	shyf
300453	三鑫医疗	sxyl
300454	深信服	sxf
300455	康拓红外	kthw
300456	耐威科技	nwkj
300457	赢合科技	yhkj
300458	全志科技	qzkj
300459	金科文化	jkwh
300460	惠伦晶体	hljt
300461	田中精机	tzjj
300462	华铭智能	hmzn
300463	迈克生物	mksw
300464	星徽精密	xhjm
300465	高伟达	gwd
300466	赛摩电气	smdq
300467	迅游科技	xykj
300468	四方精创	sfjc
300469	信息发展	xxfz
300470	日机密封	rjmf
300471	厚普股份	hpgf
300472	新元科技	xykj
300473	德尔股份	degf
300474	景嘉微	jjw
300475	聚隆科技	jlkj
300476	胜宏科技	shkj
300477	合纵科技	hzkj
300478	杭州高新	hzgx
300479	神思电子	ssdz
300480	光力科技	glkj
300481	濮阳惠成	pyhc
300482	万孚生物	wfsw
300483	沃施股份	wsgf
300484	蓝海华腾	lhht
300485	赛升药业	ssyy
300486	东杰智能	djzn
300487	蓝晓科技	lxkj
300488	恒锋工具	hfgj
300489	中飞股份	zfgf
300490	华自科技	hzkj
300491	通合科技	thkj
300492	山鼎设计	sdsj
300493	润欣科技	rxkj
300494	盛天网络	stwl
300495	美尚生态	msst
300496	中科创达	zkcd
300497	富祥股份	fxgf
300498	温氏股份	wsgf
300499	高澜股份	glgf
300500	启迪设计	qdsj
300501	海顺新材	hsxc
300502	新易盛	xys
300503	昊志机电	hzjd
300504	天邑股份	tygf
300505	川金诺	cjn
300506	名家汇	mjh
300507	苏奥传感	sacg
300508	维宏股份	whgf
300509	新美星	xmx
300510	金冠电气	jgdq
300511	雪榕生物	xrsw
300512	中亚股份	zygf
300513	恒泰实达	htsd
300514	友讯达	yxd
300515	三德科技	sdkj
300516	久之洋	jzy
300517	海波重科	hbzk
300518	盛讯达	sxd
300519	新光药业	xgyy
300520	科大国创	kdgc
300521	爱司凯	ask
300522	世名科技	smkj
300523	辰安科技	cakj
300525	博思软件	bsrj
300526	中潜股份	zqgf
300527	中国应急	zgyj
300528	幸福蓝海	xflh
300529	健帆生物	jfsw
300530	达志科技	dzkj
300531	优博讯	ybx
300532	今天国际	jtgj
300533	冰川网络	bcwl
300534	陇神戎发	lsrf
300535	达威股份	dwgf
300536	农尚环境	nshj
300537	广信材料	gxcl
300538	同益股份	tygf
300539	横河模具	hhmj
300540	深冷股份	slgf
300541	先进数通	xjst
300542	新晨科技	xckj
300543	朗科智能	lkzn
300545	联得装备	ldzb
300546	雄帝科技	xdkj
300547	川环科技	chkj
300548	博创科技	bckj
300549	优德精密	ydjm
300550	和仁科技	hrkj
300551	古鳌科技	gakj
300552	万集科技	wjkj
300553	集智股份	jzgf
300554	三超新材	scxc
300555	路通视信	ltsx
300556	丝路视觉	slsj
300557	理工光科	lggk
300558	贝达药业	bdyy
300559	佳发教育	jfjy
300560	中富通	zft
300561	汇金科技	hjkj
300562	乐心医疗	lxyl
300563	神宇股份	sygf
300565	科信技术	kxjs
300566	激智科技	jzkj
300567	精测电子	jcdz
300568	星源材质	xycz
300569	天能重工	tnzg
300570	太辰光	tcg
300571	平治信息	pzxx
300572	安车检测	acjc
300573	兴齐眼药	xqyy
300575	中旗股份	zqgf
300576	容大感光	rdgg
300577	开润股份	krgf
300578	会畅通讯	hctx
300579	数字认证	szrz
300580	贝斯特	bst
300581	晨曦航空	cxhk
300582	英飞特	yft
300583	赛托生物	stsw
300584	海辰药业	hcyy
300585	奥联电子	aldz
300586	美联新材	mlxc
300587	天铁股份	ttgf
300588	熙菱信息	xlxx
300589	江龙船艇	jlct
300590	移为通信	ywtx
300591	万里马	wlm
300592	华凯创意	hkcy
300593	新雷能	xln
300595	欧普康视	opks
300596	利安隆	lal
300597	吉大通信	jdtx
300598	诚迈科技	cmkj
300599	雄塑科技	xskj
300600	瑞特股份	rtgf
300601	康泰生物	ktsw
300602	飞荣达	frd
300603	立昂技术	lajs
300604	长川科技	cckj
300605	恒锋信息	hfxx
300606	金太阳	jty
300607	拓斯达	tsd
300608	思特奇	stq
300609	汇纳科技	hnkj
300610	晨化股份	chgf
300611	美力科技	mlkj
300612	宣亚国际	xygj
300613	富瀚微	fhw
300615	欣天科技	xtkj
300616	尚品宅配	spzp
300617	安靠智电	akzd
300618	寒锐钴业	hrgy
300619	金银河	jyh
300620	光库科技	gkkj
300621	维业股份	wygf
300622	博士眼镜	bsyj
300623	捷捷微电	jjwd
300624	万兴科技	wxkj
300625	三雄极光	sxjg
300626	华瑞股份	hrgf
300627	华测导航	hcdh
300628	亿联网络	ylwl
300629	新劲刚	xjg
300630	普利制药	plzy
300631	久吾高科	jwgk
300632	光莆股份	gpgf
300633	开立医疗	klyl
300634	彩讯股份	cxgf
300635	达安股份	dagf
300636	同和药业	thyy
300637	扬帆新材	yfxc
300638	广和通	ght
300639	凯普生物	kpsw
300640	德艺文创	dywc
300641	正丹股份	zdgf
300642	透景生命	tjsm
300643	万通智控	wtzk
300644	南京聚隆	njjl
300645	正元智慧	zyzh
300647	超频三	cps
300648	星云股份	xygf
300649	杭州园林	hzyl
300650	太龙照明	tlzm
300651	金陵体育	jlty
300652	雷迪克	ldk
300653	正海生物	zhsw
300654	世纪天鸿	sjth
300655	晶瑞股份	jrgf
300656	民德电子	mddz
300657	弘信电子	hxdz
300658	延江股份	yjgf
300659	中孚信息	zfxx
300660	江苏雷利	jsll
300661	圣邦股份	sbgf
300662	科锐国际	krgj
300663	科蓝软件	klrj
300664	鹏鹞环保	pyhb
300665	飞鹿股份	flgf
300666	江丰电子	jfdz
300667	必创科技	bckj
300668	杰恩设计	jesj
300669	沪宁股份	hngf
300670	大烨智能	dyzn
300671	富满电子	fmdz
300672	国科微	gkw
300673	佩蒂股份	pdgf
300675	建科院	jky
300676	华大基因	hdjy
300677	英科医疗	ykyl
300678	中科信息	zkxx
300679	电连技术	dljs
300680	隆盛科技	lskj
300681	英搏尔	ybe
300682	朗新科技	lxkj
300683	海特生物	htsw
300684	中石科技	zskj
300685	艾德生物	adsw
300686	智动力	zdl
300687	赛意信息	syxx
300688	创业黑马	cyhm
300689	澄天伟业	ctwy
300690	双一科技	sykj
300691	联合光电	lhgd
300692	中环环保	zhhb
300693	盛弘股份	shgf
300695	兆丰股份	zfgf
300696	爱乐达	ald
300697	电工合金	dghj
300698	万马科技	wmkj
300699	光威复材	gwfc
300700	岱勒新材	dlxc
300701	森霸传感	sbcg
300702	天宇股份	tygf
300703	创源文化	cywh
300705	九典制药	jdzy
300706	阿石创	asc
300707	威唐工业	wtgy
300708	聚灿光电	jcgd
300709	精研科技	jykj
300710	万隆光电	wlgd
300711	广哈通信	ghtx
300712	永福股份	yfgf
300713	英可瑞	ykr
300715	凯伦股份	klgf
300716	国立科技	glkj
300717	华信新材	hxxc
300718	长盛轴承	cszc
300719	安达维尔	adwe
300720	海川智能	hczn
300721	怡达股份	ydgf
300722	新余国科	xygk
300723	一品红	yph
300725	药石科技	yskj
300726	宏达电子	hddz
300727	润禾材料	rhcl
300729	乐歌股份	lggf
300730	科创信息	kcxx
300731	科创新源	kcxy
300732	设研院	syy
300733	西菱动力	xldl
300735	光弘科技	ghkj
300736	百华悦邦	bhyb
300737	科顺股份	ksgf
300738	奥飞数据	afsj
300739	明阳电路	mydl
300740	御家汇	yjh
300741	华宝股份	hbgf
300742	越博动力	ybdl
300743	天地数码	tdsm
300745	欣锐科技	xrkj
300746	汉嘉设计	hjsj
300747	锐科激光	rkjg
300750	宁德时代	ndsd
